gid,animal,time,geom,label
315,767,2006-04-11 16:03:05,0101000020110F00002A66EF7A16CC3241572BACBB4B0E5641,1
336,767,2006-04-19 00:02:11,0101000020110F0000F5BC3C497FCB3241099BC905170E5641,1
357,767,2006-04-23 12:02:27,0101000020110F0000A1B9B16AB0C73241D3EBBFFAD60F5641,2
364,767,2006-04-25 04:01:41,0101000020110F00005B5AD34505C632410E1B9DC1A40F5641,2
370,767,2006-04-26 08:02:39,0101000020110F0000D522A25ED3C63241B1B95341F80F5641,2
391,767,2006-05-02 04:01:54,0101000020110F0000A92BE1D63FC7324165E55319B70F5641,2
412,767,2006-05-06 20:01:43,0101000020110F000063C8980C34C63241C157D164B40F5641,2
433,767,2006-05-12 04:01:55,0101000020110F0000DFA91D8E89C73241EC76CB09AA0F5641,2
454,767,2006-05-19 00:01:54,0101000020110F00001EDD4A05FCC43241D1502915080F5641,2
461,767,2006-05-22 16:01:59,0101000020110F000058C27F3871C73241028AE6EFA00F5641,2
467,767,2006-05-24 00:01:49,0101000020110F00004C61529D04C5324178946D7CFA0E5641,2
488,767,2006-05-29 12:02:48,0101000020110F0000487233E838C932410ABECAE8AF0F5641,2
509,767,2006-06-03 20:01:43,0101000020110F0000B83ECDBB14C53241D4AA0AB06A0F5641,2
530,767,2006-06-09 12:01:59,0101000020110F0000A76E368C2CC73241093A96C9AC0F5641,2
551,767,2006-06-14 12:02:17,0101000020110F0000FC4176BB11C8324157E4FE34E10F5641,2
648,767,2006-07-15 04:01:24,0101000020110F00000B806D4F19C63241472A1F833D0F5641,2
11,767,2005-11-29 20:01:47,0101000020110F000078BE97A54CCB3241B9D68915EB0D5641,1
164,767,2006-02-06 12:02:17,0101000020110F00008CD88AE7E2CA3241B3774C06030E5641,1
172,767,2006-02-08 18:01:07,0101000020110F0000CE7874F527CD324112DC0694E70D5641,1
375,767,2006-04-27 16:02:39,0101000020110F0000166924E011C732414A0AAC35F10F5641,2
479,767,2006-05-27 00:01:24,0101000020110F0000D8DF4CA9E6C6324132DDF3AA4E0F5641,2
582,767,2006-06-23 00:02:09,0101000020110F0000B16E9B64C1C73241707AD5987C0F5641,2
687,767,2006-08-07 20:01:52,0101000020110F0000123F73588AC73241C17EFA6E14105641,2
791,767,2006-08-31 04:01:16,0101000020110F000041F1420A83C53241255F6202900F5641,2
895,767,2006-10-03 00:02:27,0101000020110F0000D21464BE85C432415DDB80895E0F5641,2
1000,767,2006-10-29 12:03:01,0101000020110F0000C1D88C038CC63241FCF3FCFAFA0F5641,2
1102,767,2006-11-19 20:01:12,0101000020110F0000520B25E488C2324136C9B0A9540F5641,2
1074,767,2006-11-14 00:01:53,0101000020110F0000F9D7F2D69CC2324167F9F0084C0F5641,2
1096,767,2006-11-18 20:00:48,0101000020110F0000B62B36905BC332416B40E9A4B50F5641,2
15,767,2005-11-30 16:01:04,0101000020110F00008C2E4E3250CA324121BC0B45E70D5641,1
27,767,2005-12-07 12:02:06,0101000020110F000077A36E3CCACA3241B95A5F3F3F0E5641,1
28,767,2005-12-07 16:01:44,0101000020110F00007E358BDEE7CA3241345AB7E2800E5641,1
29,767,2005-12-07 20:02:19,0101000020110F000029C14DE861CA3241B2985E0B870E5641,1
30,767,2005-12-08 00:01:30,0101000020110F00001D1A796EEBCA3241D4F9285A720E5641,1
31,767,2005-12-08 04:01:43,0101000020110F0000D6AF8D4C21CB3241122D1E766E0E5641,1
32,767,2005-12-11 06:01:47,0101000020110F0000D86F1E22A5CA32415738F09A260E5641,1
1099,767,2006-11-19 08:01:49,0101000020110F0000F2A7B6739AC63241D87304C905105641,2
1100,767,2006-11-19 12:02:53,0101000020110F0000BED19698D5C6324177E24BEB0A105641,2
1101,767,2006-11-19 16:02:24,0101000020110F0000B408627250C63241B2759978D00F5641,2
33,767,2005-12-11 12:01:40,0101000020110F00003572E56ABACA324159A61F1E450E5641,1
34,767,2005-12-11 18:03:08,0101000020110F0000FB53B27608CB324152040220750E5641,1
35,767,2005-12-12 00:01:51,0101000020110F0000CC281293F0CA32411422E0677C0E5641,1
1167,767,2006-12-03 08:01:49,0101000020110F00002EA01F16DDC53241B7D69335DE0F5641,2
1168,767,2006-12-03 12:02:40,0101000020110F00002A0E5687B7C632410DBE178E1F105641,2
1169,767,2006-12-03 16:01:09,0101000020110F0000C375B559B1C632414E899A9207105641,2
1170,767,2006-12-03 20:00:55,0101000020110F0000CEE83FC07DC4324120CA3E04960F5641,2
1171,767,2006-12-04 00:01:24,0101000020110F00009C0126994AC33241092474770C0F5641,2
1172,767,2006-12-04 04:00:49,0101000020110F0000DB58E487E4C3324185EA858D460F5641,2
1173,767,2006-12-04 12:03:00,0101000020110F0000CF1AD5C534C632410B751EB702105641,2
1174,767,2006-12-04 16:02:09,0101000020110F0000F5F7314D91C632411A9B069712105641,2
1175,767,2006-12-04 20:00:48,0101000020110F0000EE3C9673FBC33241EAB2D827800F5641,2
1176,767,2006-12-05 00:00:53,0101000020110F0000AFC5551AEEC23241999D03A0390F5641,2
1177,767,2006-12-05 04:01:23,0101000020110F0000D531191548C33241DFA020FE060F5641,2
1178,767,2006-12-05 08:02:54,0101000020110F00004D282B329AC63241A536EDEC05105641,2
1179,767,2006-12-05 12:01:45,0101000020110F00000EE665F32EC63241F0F1F26FFB0F5641,2
1180,767,2006-12-05 16:02:49,0101000020110F00007FBB0D861AC6324113F60A2C05105641,2
1181,767,2006-12-05 20:01:46,0101000020110F0000C44F2D292FC5324142E6D0E21A105641,2
1182,767,2006-12-06 00:01:56,0101000020110F000074236E17B1C43241BFAB73A20A105641,2
1183,767,2006-12-06 04:01:23,0101000020110F0000DD360099FBC43241311A839A970F5641,2
1184,767,2006-12-06 12:01:56,0101000020110F0000B3D8FD37B2C63241C76C850102105641,2
627,767,2006-07-08 00:00:53,0101000020110F0000C45355371DC5324173A60198070F5641,2
1112,767,2006-11-22 04:02:03,0101000020110F0000D9BF5F7358C63241FF68CD27C60F5641,2
92,767,2006-01-06 06:02:42,0101000020110F000027B860C450CC3241DA41C06CFE0D5641,1
196,767,2006-02-22 00:02:23,0101000020110F000040DE48AD73CC32413CCF88F5930E5641,1
301,767,2006-04-05 04:00:53,0101000020110F0000AA52AB764ACA32417D0A9FF4F80D5641,1
405,767,2006-05-05 00:02:19,0101000020110F000021AC4A0C40C53241F3B57E4D200F5641,2
510,767,2006-06-04 00:03:07,0101000020110F000066994D216BC632419F52CA3C580F5641,2
613,767,2006-07-03 04:02:54,0101000020110F0000416BD9ED04C732415CD287F19D0F5641,2
717,767,2006-08-16 05:32:28,0101000020110F0000F6D0A1BF44C73241F32402ADB90F5641,2
822,767,2006-09-10 00:00:55,0101000020110F000008EE387F53C63241F03A1530550F5641,2
926,767,2006-10-11 20:00:54,0101000020110F0000F97CBD8904C63241D4BA8D48A40F5641,2
1030,767,2006-11-05 00:02:22,0101000020110F0000A87A094FA3C33241E22B932F7F0F5641,2
1031,767,2006-11-05 04:00:48,0101000020110F00004DF5A6D052C432414C9D6E259B0F5641,2
1032,767,2006-11-05 08:01:53,0101000020110F0000BD493E48B1C53241051D4A2C14105641,2
1033,767,2006-11-05 12:02:11,0101000020110F00007A8E656D22C6324189605E05F50F5641,2
1034,767,2006-11-05 16:02:41,0101000020110F0000C50A8E1D75C63241A042604517105641,2
1035,767,2006-11-05 20:01:09,0101000020110F000012A3A57227C6324190DF99528A0F5641,2
1037,767,2006-11-06 04:01:22,0101000020110F000077A7753934C43241CF48E59F8F0F5641,2
1038,767,2006-11-06 12:02:59,0101000020110F0000A6061E0F09C732415277CE55FA0F5641,2
1039,767,2006-11-06 20:02:49,0101000020110F0000DB7E01ED4BC53241A0919F5BA10F5641,2
1040,767,2006-11-07 00:01:23,0101000020110F00002F4F4A153BC532418DD0B23AB60F5641,2
1041,767,2006-11-07 04:01:24,0101000020110F00002304582300C43241486A043E8C0F5641,2
1042,767,2006-11-07 08:01:48,0101000020110F0000830A58E293C63241F33FF728D50F5641,2
947,767,2006-10-16 20:00:53,0101000020110F0000901790CB3AC632416D6B11ED980F5641,2
1046,767,2006-11-08 00:01:09,0101000020110F0000FCB16297EBC5324179A0A1D2A10F5641,2
1047,767,2006-11-08 04:01:24,0101000020110F00006864673BAEC53241BF187E10A90F5641,2
1048,767,2006-11-08 08:02:28,0101000020110F00006DC83F06B6C5324133245BC306105641,2
1050,767,2006-11-08 16:01:57,0101000020110F0000534C94D225C63241B3A9219DF90F5641,2
1051,767,2006-11-08 20:00:53,0101000020110F0000CF8426A71AC332419593B79A3D0F5641,2
1053,767,2006-11-09 04:01:21,0101000020110F00007743431F97C532412A0E16D2730F5641,2
1054,767,2006-11-09 12:01:23,0101000020110F00007563EEA9BDC732414B64F60CFA0F5641,2
1055,767,2006-11-09 16:02:50,0101000020110F0000942DF5DD36C73241A23AA3F100105641,2
1056,767,2006-11-09 20:01:24,0101000020110F0000317D8EEC50C53241E93992D4670F5641,2
1057,767,2006-11-10 00:01:54,0101000020110F000090971CCCD7C43241CA2E3BFE640F5641,2
1058,767,2006-11-10 04:00:54,0101000020110F00008C33C0BEF5C6324165D041FF640F5641,2
1059,767,2006-11-10 16:03:08,0101000020110F00005E3973710CC73241E38FFF09C80F5641,2
1060,767,2006-11-10 20:01:17,0101000020110F0000F129212C58C632419309CF4A8D0F5641,2
1061,767,2006-11-11 00:00:54,0101000020110F00003E501B509DC63241A463D8CC950F5641,2
1062,767,2006-11-11 04:01:14,0101000020110F0000EA000C63EEC632411485AB71B30F5641,2
1063,767,2006-11-11 16:02:18,0101000020110F0000AEAB55A934C63241720F131D0A105641,2
1064,767,2006-11-11 20:00:54,0101000020110F00005FAF134914C33241283C32A8460F5641,2
1065,767,2006-11-12 00:02:14,0101000020110F000046021509D0C232411039C322620F5641,2
1066,767,2006-11-12 08:02:17,0101000020110F000094036E49F4C632415B630A2EEE0F5641,2
1067,767,2006-11-12 12:02:24,0101000020110F0000DF36118B06C7324116CCAD9CF60F5641,2
1068,767,2006-11-12 16:01:23,0101000020110F00001CB137F9FEC63241D3840E48F50F5641,2
1069,767,2006-11-13 00:01:50,0101000020110F0000024676F263C4324178F77847680F5641,2
1071,767,2006-11-13 08:01:40,0101000020110F000099A941A23DC63241A5D37E0DF90F5641,2
1072,767,2006-11-13 16:02:54,0101000020110F00005C8FE31E07C632419957204527105641,2
1073,767,2006-11-13 20:00:54,0101000020110F0000E2A330532FC332417A5BC24A480F5641,2
1075,767,2006-11-14 04:00:48,0101000020110F0000500EF2F739C43241D880C8BC2C0F5641,2
1076,767,2006-11-14 08:02:43,0101000020110F0000769AF53B1AC6324166885F51F10F5641,2
1077,767,2006-11-14 12:01:48,0101000020110F00005A47B8D771C6324151C17E8678105641,2
1078,767,2006-11-14 16:02:53,0101000020110F0000F45765036EC6324132284DAB03105641,2
1079,767,2006-11-14 20:00:55,0101000020110F000069E81B4A39C43241DA311ABD900F5641,2
1080,767,2006-11-15 00:00:54,0101000020110F0000615D0DCBF4C232419CA4F9FB970F5641,2
1084,767,2006-11-16 00:01:42,0101000020110F000028E1190D6CC43241EF72B05B7F0F5641,2
1085,767,2006-11-16 04:00:54,0101000020110F0000EB3F6387ACC532413EBC5B01900F5641,2
1086,767,2006-11-16 08:03:09,0101000020110F00001C3C765E0EC73241FF3333D7F40F5641,2
1087,767,2006-11-16 12:02:02,0101000020110F000098A2E06B6CC6324130A5851C59105641,2
1088,767,2006-11-16 16:01:47,0101000020110F00007E7E6BF9C9C632413232AFACF10F5641,2
1089,767,2006-11-16 20:01:23,0101000020110F00002B1AE72841C432417E6124C1920F5641,2
1090,767,2006-11-17 00:00:53,0101000020110F0000C436903767C2324183E62DAE730F5641,2
1092,767,2006-11-17 16:00:55,0101000020110F0000554A32D82AC73241F84FD809FC0F5641,2
1093,767,2006-11-17 20:00:53,0101000020110F00005769DEE747C43241B4E068D59A0F5641,2
1094,767,2006-11-18 00:01:23,0101000020110F0000DC64337E06C33241A1DE8A57490F5641,2
1095,767,2006-11-18 12:01:51,0101000020110F0000FF030FC675C732413BF63B9B0C105641,2
1097,767,2006-11-19 00:00:42,0101000020110F000008BF1EC36CC33241161B6FCEB60F5641,2
1098,767,2006-11-19 04:00:54,0101000020110F000097B66E8C5FC33241C152E12AB30F5641,2
1122,767,2006-11-24 04:00:48,0101000020110F00008AFA4DC547C33241E1CEC5CF0A0F5641,2
1123,767,2006-11-24 08:01:24,0101000020110F0000DD5A6866F5C632415E535A91F80F5641,2
1124,767,2006-11-24 12:01:42,0101000020110F00003E54435E8BC63241D79A147B03105641,2
1125,767,2006-11-24 16:02:53,0101000020110F0000A9113C88ADC632416A47D8F6FC0F5641,2
1126,767,2006-11-24 20:01:23,0101000020110F0000103EB52BDCC332414440F239520F5641,2
1127,767,2006-11-25 00:01:47,0101000020110F0000C60ECF2C9DC33241A75B13AE340F5641,2
1128,767,2006-11-25 04:01:53,0101000020110F0000DD6EF686E8C33241267BFA75000F5641,2
1129,767,2006-11-25 20:00:43,0101000020110F00006724E7A8A1C232419B39C5E6530F5641,2
1130,767,2006-11-26 00:00:49,0101000020110F000074BC5DF757C232414837FE70350F5641,2
1131,767,2006-11-26 04:01:50,0101000020110F0000187C9AFA46C232412B6EBBB97A0F5641,2
1132,767,2006-11-26 12:01:51,0101000020110F0000C3BA12447EC63241197FEE2F11105641,2
1134,767,2006-11-27 00:01:50,0101000020110F00006D0A3B1E72C43241CDCDF50D970F5641,2
1135,767,2006-11-27 04:00:54,0101000020110F000003BD68E2E7C532410409C20A9B0F5641,2
1136,767,2006-11-27 08:02:17,0101000020110F000006D671E8E1C63241B334E2AA1B105641,2
1137,767,2006-11-27 12:01:45,0101000020110F00004F7DBD750FC73241FBC97B080E105641,2
1138,767,2006-11-27 16:01:52,0101000020110F0000BD0B6B3EE3C63241BC6240EC0E105641,2
1139,767,2006-11-27 20:00:54,0101000020110F0000010B89FD80C4324151CD3AF89C0F5641,2
1044,767,2006-11-07 16:01:55,0101000020110F000020BF8E2401C63241F11EF395F90F5641,2
1142,767,2006-11-28 08:02:40,0101000020110F0000FB74C00A9BC632413F4FA8CA1D105641,2
1143,767,2006-11-28 12:02:44,0101000020110F0000BDA68BE9A2C63241B0FBD67509105641,2
1144,767,2006-11-28 20:00:54,0101000020110F0000F00B967A3FC4324191C3568C910F5641,2
1145,767,2006-11-29 00:00:57,0101000020110F00006BBFEF25B9C23241216943CE370F5641,2
1146,767,2006-11-29 04:00:53,0101000020110F00008C3024DA26C232411C2D9E8D7A0F5641,2
1147,767,2006-11-29 12:01:18,0101000020110F0000F4328A0D8FC63241B44A3A4DF30F5641,2
1148,767,2006-11-29 16:01:24,0101000020110F0000BC1EF17791C63241CCE781FFFF0F5641,2
1149,767,2006-11-29 20:00:54,0101000020110F00007C05715EE0C432414CC64E8D660F5641,2
1150,767,2006-11-30 00:00:53,0101000020110F00006AC6BB9D2AC33241D6F4A8C9430F5641,2
1151,767,2006-11-30 04:00:42,0101000020110F0000C08BA5749FC232418107C61D510F5641,2
1152,767,2006-11-30 12:03:04,0101000020110F000091429B7A6DC632414928435518105641,2
1185,767,2006-12-07 00:00:53,0101000020110F00005E4C12ACF4C332418DB19701FF0E5641,2
1186,767,2006-12-07 04:01:23,0101000020110F0000CA61419704C43241F48302214D0F5641,2
1187,767,2006-12-07 20:01:43,0101000020110F0000EF0C0919AAC23241130F87DE7E0F5641,2
1140,767,2006-11-28 00:01:24,0101000020110F0000197B697DC9C232410C85BC45390F5641,2
1141,767,2006-11-28 04:01:17,0101000020110F000074BC5DF757C23241FE19B548480F5641,2
1103,767,2006-11-20 00:01:23,0101000020110F00004E328B7E90C232418E57012D550F5641,2
1104,767,2006-11-20 04:01:41,0101000020110F0000B2960A2F25C33241404710E3490F5641,2
1105,767,2006-11-20 12:01:52,0101000020110F00001F74BF5FF3C63241A9E2A1BC09105641,2
1106,767,2006-11-20 16:03:03,0101000020110F000098C262605AC63241079046F903105641,2
1107,767,2006-11-20 20:00:54,0101000020110F00001E17B46969C4324118339385940F5641,2
1108,767,2006-11-21 00:01:55,0101000020110F0000D4697A44D5C2324160C07BA1540F5641,2
1109,767,2006-11-21 04:00:49,0101000020110F0000F61B377294C23241F575EAC4530F5641,2
1110,767,2006-11-21 20:00:54,0101000020110F000082929F40ADC53241E2F1469C490F5641,2
1111,767,2006-11-22 00:02:29,0101000020110F0000D636C5B3ABC332410B87B5AC630F5641,2
1113,767,2006-11-22 12:01:55,0101000020110F000009FC230CA9C7324154A88FB503105641,2
1114,767,2006-11-22 16:01:40,0101000020110F00000ADC36D61AC73241ECAF0BF307105641,2
1115,767,2006-11-22 20:01:18,0101000020110F0000DB127F404DC63241E3418686CD0F5641,2
1116,767,2006-11-23 00:01:54,0101000020110F00008327FC464BC332419C990B2D020F5641,2
1117,767,2006-11-23 04:01:23,0101000020110F0000535379D54BC33241A2E75AB0020F5641,2
1118,767,2006-11-23 08:01:19,0101000020110F0000D69D59A059C33241F5AFF6C0FE0E5641,2
1119,767,2006-11-23 16:01:46,0101000020110F00008C6AF07005C73241342F28DAFA0F5641,2
1120,767,2006-11-23 20:01:37,0101000020110F000050EDC25223C232419CF107282C0F5641,2
1121,767,2006-11-24 00:00:52,0101000020110F0000B3EA18E224C33241E8F0D8D5010F5641,2
1188,767,2006-12-08 00:01:23,0101000020110F00009C5C42E5A8C232415FA86E7B720F5641,2
1189,767,2006-12-08 04:01:23,0101000020110F0000E275FDE3A9C53241F46FB655990F5641,2
724,767,2006-08-16 10:03:08,0101000020110F0000145DD5E9EFC732410780A892C00F5641,2
1049,767,2006-11-08 12:03:03,0101000020110F0000A84444B649C632419147CD3AF10F5641,2
564,767,2006-06-18 04:02:19,0101000020110F0000A6A180DBB5C53241A4FDCDA4D50E5641,2
54,767,2005-12-20 06:03:07,0101000020110F000042E66F1F22CB3241C5A1E772590E5641,1
3,767,2005-11-28 04:01:52,0101000020110F00006CF1631B07CC324110A585E2070E5641,1
10,767,2005-11-29 16:01:47,0101000020110F000019F6A40245CB324164ADA1991C0E5641,1
18,767,2005-12-01 16:02:38,0101000020110F0000E6204B635DCA32415FDE6FD7700E5641,1
89,767,2006-01-03 18:03:10,0101000020110F0000581EC5F21DCB3241DDD01415510E5641,1
111,767,2006-01-14 18:03:09,0101000020110F00006E07B83BF8CA32410AA395BE640E5641,1
133,767,2006-01-25 12:02:29,0101000020110F00000099CE88FFC93241CDAB7AF3630E5641,1
155,767,2006-02-04 06:01:24,0101000020110F0000A6F69EFBC9CC324192C371EB880E5641,1
162,767,2006-02-06 00:02:41,0101000020110F000071DC945E1DCB3241950DED63EC0D5641,1
169,767,2006-02-08 00:02:09,0101000020110F000096F0212204CB3241642C0B3A6F0E5641,1
193,767,2006-02-17 00:02:11,0101000020110F00004EE6270BAFCC3241328FFC63270E5641,1
215,767,2006-03-02 06:02:59,0101000020110F0000C55C4AF5F2CB32413DD2C1D9010E5641,1
237,767,2006-03-10 18:01:54,0101000020110F0000998256F2C9CA324115E7E63D1B0E5641,1
259,767,2006-03-20 00:02:54,0101000020110F0000D1FE30AF18CC32413C61EEDE300E5641,1
171,767,2006-02-08 12:01:17,0101000020110F00008111C937DECA32419899A5484D0E5641,1
276,767,2006-03-27 06:02:22,0101000020110F0000F959FA5D04CB3241548D7F61340E5641,1
298,767,2006-04-04 08:00:54,0101000020110F00003CB84376B4CA3241D24BF13FB00D5641,1
320,767,2006-04-13 00:02:18,0101000020110F0000F6A1667D6FCB3241DEC2C22A4F0E5641,1
342,767,2006-04-20 16:02:03,0101000020110F0000798C97D47AC932418DF75D4E8E0F5641,2
268,767,2006-03-23 00:01:03,0101000020110F00009057397EFACA3241A7C50750FE0D5641,1
374,767,2006-04-27 04:00:55,0101000020110F00000A4DD0EC97C63241B67D97EAA60F5641,2
380,767,2006-04-29 20:02:28,0101000020110F000002E243D8C6C53241138291741E0F5641,2
402,767,2006-05-04 12:02:48,0101000020110F000001ADF1DDD7C63241D1C82B8AF80F5641,2
424,767,2006-05-09 12:02:51,0101000020110F0000D79E40EDBAC83241BFA4889DD00F5641,2
446,767,2006-05-14 16:02:08,0101000020110F0000B5EDC5B8FEC93241C5A9BB17E20F5641,2
471,767,2006-05-25 00:00:47,0101000020110F00009DF75A8139C7324199761C3A860F5641,2
478,767,2006-05-26 20:01:53,0101000020110F00007C9DD41468C73241F0D95D02810F5641,2
484,767,2006-05-28 20:01:52,0101000020110F00005F5C2E8EDDC6324126CD592E5A0F5641,2
506,767,2006-06-03 04:02:42,0101000020110F00009BF39D3E66C732419F8B8A4DBB0F5641,2
528,767,2006-06-09 00:01:26,0101000020110F0000851ACFE6A3C5324129B8B3CB500F5641,2
550,767,2006-06-14 00:01:12,0101000020110F00001BE2CCB01AC6324180BC556E990F5641,2
574,767,2006-06-20 12:03:05,0101000020110F00006E2CAC3211C83241D46CD646E60F5641,2
581,767,2006-06-22 20:00:55,0101000020110F0000EF96FDFF01C6324111529A81560F5641,2
588,767,2006-06-25 12:03:08,0101000020110F000085253FA0AEC83241ED889E71DD0F5641,2
610,767,2006-07-02 08:02:17,0101000020110F000077CC0E0E26C53241418710B2430F5641,2
632,767,2006-07-10 12:02:19,0101000020110F00002AA3991696C632413CCFEBC4460F5641,2
654,767,2006-07-17 20:01:49,0101000020110F0000423F74A1A1C53241BDED7A27520F5641,2
678,767,2006-08-02 16:03:04,0101000020110F00002A7180448AC73241A71F77C521105641,2
686,767,2006-08-07 08:02:01,0101000020110F0000D83BAB64CDC732416667956C2A105641,2
692,767,2006-08-10 12:03:04,0101000020110F00008708CD3D6BC63241C99E14D10D105641,2
714,767,2006-08-16 02:33:07,0101000020110F0000C3E8C1E6AEC63241A46DDBD6C10F5641,2
736,767,2006-08-16 18:02:08,0101000020110F0000E8A8FED5A8C73241F1489BCA9B0F5641,2
761,767,2006-08-22 20:01:47,0101000020110F00004F4E1F774EC63241A86F78BF4E0F5641,2
783,767,2006-08-28 04:01:35,0101000020110F0000D3A965A2FCC5324179E629765A0F5641,2
790,767,2006-08-30 20:02:39,0101000020110F00008838EF561CC732414D661D7A5E0F5641,2
796,767,2006-09-01 16:01:46,0101000020110F000029ED0DE166C73241C5208F89FD0F5641,2
818,767,2006-09-08 20:01:41,0101000020110F000070DF937442C73241727BD54D550F5641,2
840,767,2006-09-15 00:01:53,0101000020110F0000E3A430A1CAC53241CA16AC3A400F5641,2
865,767,2006-09-23 00:00:55,0101000020110F000037052A31F4C232417DCAB1A9470F5641,2
887,767,2006-09-29 16:02:29,0101000020110F00009934FC3AF8C83241F5DCFE07F20F5641,2
894,767,2006-10-02 20:01:24,0101000020110F00006A2B9BF26AC33241979E19BC3C0F5641,2
901,767,2006-10-05 04:02:22,0101000020110F00003CA4181192C432415A0F804C5D0F5641,2
923,767,2006-10-11 04:01:50,0101000020110F0000A4DEF874C1C532414F05BD87A10F5641,2
945,767,2006-10-16 00:01:24,0101000020110F0000C5B5D2B94CC4324140D4459C900F5641,2
969,767,2006-10-22 00:00:54,0101000020110F00009077DC8251C3324180A5CA84AE0F5641,2
991,767,2006-10-27 12:03:05,0101000020110F0000FBB09C5B0EC73241D73681420B105641,2
999,767,2006-10-29 04:00:49,0101000020110F0000725BCF463EC43241ABBE88C0950F5641,2
1005,767,2006-10-30 16:02:29,0101000020110F0000F8CE81E636C7324100B4DC6006105641,2
1027,767,2006-11-04 04:00:55,0101000020110F00003DD6AD1649C63241ADEF6ABA840F5641,2
1052,767,2006-11-09 00:01:24,0101000020110F000065F815BE91C3324149526B311D0F5641,2
655,767,2006-07-18 04:02:07,0101000020110F0000EB11B46EF6C4324173BC80DF8F0F5641,2
661,767,2006-07-22 20:02:07,0101000020110F00001BAAD6C22DC732417532A12CD20F5641,2
682,767,2006-08-03 12:02:59,0101000020110F00006265976F14C7324113AED1B9FB0F5641,2
703,767,2006-08-13 16:02:25,0101000020110F0000C43CD00F34C732419957602A0C105641,2
745,767,2006-08-16 22:30:41,0101000020110F0000D38F7E327DC632417E03722B630F5641,2
752,767,2006-08-19 04:02:16,0101000020110F0000355562166CC63241BC5F60F85C0F5641,2
758,767,2006-08-21 04:02:12,0101000020110F0000D72EF154F5C53241E39BF941A10F5641,2
779,767,2006-08-27 04:00:48,0101000020110F0000B30B06664EC6324151A6EEA6590F5641,2
800,767,2006-09-02 20:01:41,0101000020110F0000238061F387C63241A2B8E1DB560F5641,2
821,767,2006-09-09 20:00:53,0101000020110F00009015DB33CDC632412E1D73FD890F5641,2
842,767,2006-09-15 20:00:53,0101000020110F0000C8762146F9C63241F7901345490F5641,2
849,767,2006-09-18 00:01:23,0101000020110F0000918F486D21C7324143D8BC035B0F5641,2
855,767,2006-09-20 04:01:24,0101000020110F00007570F2E9B1C332413798BAA1290F5641,2
876,767,2006-09-25 20:01:23,0101000020110F0000F81618F9E6C632411134EAD6450F5641,2
897,767,2006-10-03 20:01:52,0101000020110F00002D642AC42FC83241F83B0EB3BD0F5641,2
918,767,2006-10-10 00:01:45,0101000020110F00003A696D3D9CC332414A50B2E2390F5641,2
939,767,2006-10-14 16:01:52,0101000020110F00009F5A1AFD6BC73241B4686E9CBF0F5641,2
946,767,2006-10-16 04:02:17,0101000020110F00007A134BF92AC43241FD24A7548A0F5641,2
952,767,2006-10-18 00:00:52,0101000020110F000079701CDDF6C23241E1CEC5CF0A0F5641,2
973,767,2006-10-22 20:00:55,0101000020110F00008B385B6B4EC5324193A13293BF0F5641,2
994,767,2006-10-28 04:00:54,0101000020110F00003159A25202C6324182184DA3850F5641,2
1015,767,2006-11-02 00:00:53,0101000020110F0000460380980BC63241D293CBC8A40F5641,2
1036,767,2006-11-06 00:02:01,0101000020110F0000A7FC730761C33241AD6DA9B7AB0F5641,2
1043,767,2006-11-07 12:02:11,0101000020110F000041C7795453C63241E5CD46FBEC0F5641,2
1070,767,2006-11-13 04:00:49,0101000020110F00008CC0F5DC5FC53241BCC2E9DA700F5641,2
1091,767,2006-11-17 04:00:53,0101000020110F0000AA5350A1A3C23241192BE08F830F5641,2
76,767,2005-12-29 00:02:48,0101000020110F000078D92B506FCC324198C243B1C20D5641,1
1133,767,2006-11-26 20:00:54,0101000020110F00003D15475CF4C33241B3990112FF0E5641,2
73,767,2005-12-27 18:02:44,0101000020110F000067DCED649BCB3241E10E8E631F0E5641,1
79,767,2005-12-29 18:02:45,0101000020110F000091BAF8F92CCB324161E0D821EB0D5641,1
100,767,2006-01-09 12:02:12,0101000020110F00005DD2C58324CA32415963D68A3E0E5641,1
121,767,2006-01-21 00:01:53,0101000020110F000024CECC12EACA32414FF902E7750E5641,1
142,767,2006-01-29 06:02:52,0101000020110F0000D4173AB512CD324135A1E0ED2F0E5641,1
163,767,2006-02-06 06:01:18,0101000020110F00005A34D7F121CB3241B1A9EDF6E80D5641,1
170,767,2006-02-08 06:01:24,0101000020110F00003415C173F6CA32415F8A40887B0E5641,1
176,767,2006-02-10 00:01:31,0101000020110F0000A5DC3BCE24CB324113BA6AE9510E5641,1
197,767,2006-02-22 12:01:36,0101000020110F0000979261582DCC324116ADF59E890E5641,1
218,767,2006-03-03 12:01:53,0101000020110F0000EC5A31CE07CA32411BA246FAEB0D5641,1
239,767,2006-03-11 06:02:33,0101000020110F0000695EC4318BC93241B3EC6AF5AB0D5641,1
260,767,2006-03-20 06:02:56,0101000020110F00008C3A08F48CC93241BFFF20C7970E5641,1
267,767,2006-03-22 18:01:52,0101000020110F000080E830FF2BCB3241A0B5AC16F00D5641,1
273,767,2006-03-26 00:01:52,0101000020110F0000C59B0C5B51CB3241BEB2FB20E90D5641,1
294,767,2006-04-02 20:01:51,0101000020110F0000CC4F60FF4FCB32418ED645FDDA0E5641,1
558,767,2006-06-16 16:01:28,0101000020110F000036DDFC877DC632411BDC2F31530F5641,2
585,767,2006-06-24 00:01:49,0101000020110F00006AD5536523C63241AD87EF944D0F5641,2
606,767,2006-07-01 04:01:56,0101000020110F000010559D8536C73241B1D4C0B1920F5641,2
36,767,2005-12-12 06:02:52,0101000020110F00006868F27B0DCB324179F2218D6F0E5641,1
37,767,2005-12-12 18:01:51,0101000020110F000002509C2DB7CA324115F9FDE6320E5641,1
38,767,2005-12-14 18:03:07,0101000020110F0000E9D432F329CC3241CB7227E22E0E5641,1
39,767,2005-12-15 00:01:54,0101000020110F00008B83746193CC3241B778DD092C0E5641,1
40,767,2005-12-15 06:02:42,0101000020110F0000A9F1DA2EBECC3241118E97F32E0E5641,1
41,767,2005-12-16 06:01:47,0101000020110F0000E4DB5844ABCA32411A0518EA850E5641,1
42,767,2005-12-16 18:02:40,0101000020110F0000AA066913D2CC324185FC7FCD370E5641,1
43,767,2005-12-17 00:02:52,0101000020110F0000935810ACE2CB32416505F9352C0E5641,1
44,767,2005-12-17 06:02:18,0101000020110F0000CBA70102DECB3241EFFFE34E210E5641,1
45,767,2005-12-17 12:02:22,0101000020110F0000BED2BF0624CB3241E3363B48EC0D5641,1
46,767,2005-12-18 00:01:53,0101000020110F00009AC9BB87FCCA32411D4319DE780E5641,1
47,767,2005-12-18 06:02:57,0101000020110F0000A5717F5D03CB3241D072E877720E5641,1
48,767,2005-12-18 12:02:42,0101000020110F00006355EF3B22CB3241C746A4FD7C0E5641,1
49,767,2005-12-19 00:01:54,0101000020110F00009925850EFECB32412668DD4D210E5641,1
50,767,2005-12-19 06:03:03,0101000020110F000034DA68B3F8CA324122A898396E0E5641,1
51,767,2005-12-19 12:02:24,0101000020110F00000485AC06B9CA324111862455990E5641,1
52,767,2005-12-19 18:02:12,0101000020110F00008B86EFAA63CB32413F1963B57B0E5641,1
53,767,2005-12-20 00:01:51,0101000020110F000055430BB417CB3241020DD948590E5641,1
55,767,2005-12-21 00:01:51,0101000020110F0000063A0735F0CA3241EA4F6E1A740E5641,1
56,767,2005-12-21 06:02:12,0101000020110F00003AD6BD35C2CA324183600002790E5641,1
57,767,2005-12-21 12:01:21,0101000020110F00000A50AEF253CA32410707E00C510E5641,1
58,767,2005-12-21 18:01:44,0101000020110F0000A278F8C17CCA3241E84BF3E9420E5641,1
59,767,2005-12-22 00:01:56,0101000020110F000014A4639FD5C93241499214622C0E5641,1
60,767,2005-12-22 06:02:39,0101000020110F00009F4D58DE64CA3241403E5774530E5641,1
61,767,2005-12-22 12:02:07,0101000020110F000058CF6268FCCA32415A9B4AC0710E5641,1
62,767,2005-12-23 00:03:06,0101000020110F0000EC2C400AEACA3241E9764079750E5641,1
63,767,2005-12-24 00:02:40,0101000020110F00004CB093A137CC324156CE2431210E5641,1
64,767,2005-12-24 06:02:20,0101000020110F0000D600A56EB0CA324108BD0CEB7E0E5641,1
65,767,2005-12-24 18:01:48,0101000020110F00003A06227060CA32418F61027E8B0E5641,1
66,767,2005-12-25 00:00:54,0101000020110F00001F9F6FECFECA3241522F53BA760E5641,1
67,767,2005-12-25 06:02:24,0101000020110F00004C6D2D70C5CA324195649B5F750E5641,1
68,767,2005-12-25 18:01:48,0101000020110F00004ED32514DBCA324142CB1BC8770E5641,1
69,767,2005-12-26 00:02:38,0101000020110F0000A545433153CB32411F0985CB8A0E5641,1
70,767,2005-12-26 18:02:21,0101000020110F0000EEE19A3821CB3241E541FE52360E5641,1
71,767,2005-12-27 00:03:05,0101000020110F00003966137BD5CB32417AB65C45330E5641,1
72,767,2005-12-27 06:02:09,0101000020110F0000881015C19DCB3241058DF43A2E0E5641,1
1,767,2005-11-27 16:01:53,0101000020110F0000733A3D70D1CA3241F13CA1B7FE0D5641,1
2,767,2005-11-28 00:03:00,0101000020110F000043F98A8DB5CA32418386BEF7DE0D5641,1
4,767,2005-11-28 08:01:24,0101000020110F00009B1F7F48EFCA324100C52B382A0E5641,1
5,767,2005-11-28 12:01:56,0101000020110F0000B445673112CB32413EECC1DD2B0E5641,1
6,767,2005-11-28 16:01:24,0101000020110F00001B1E4EDF66CA32415E65ADD9F50D5641,1
7,767,2005-11-28 20:00:53,0101000020110F00002CBC891B56CA32410B460093E70D5641,1
8,767,2005-11-29 00:02:20,0101000020110F000068CCE274BDCA32418C00BC51EF0D5641,1
9,767,2005-11-29 12:01:01,0101000020110F00001A19601F16CB32413924D60D3C0E5641,1
12,767,2005-11-30 00:02:51,0101000020110F000049EBDAE5AFCA32419FE87836F00D5641,1
14,767,2005-11-30 12:02:14,0101000020110F00002D0B8164D7C932418E05E41D030E5641,1
16,767,2005-11-30 20:01:12,0101000020110F0000BC98038FBECA32418E18E496F00D5641,1
17,767,2005-12-01 12:02:51,0101000020110F00006BB3145413CB324186059453350E5641,1
19,767,2005-12-01 20:03:12,0101000020110F00005F8DBB36CACA3241211830C1830E5641,1
20,767,2005-12-02 00:02:24,0101000020110F000004B938C5CACA32416AA423C4850E5641,1
21,767,2005-12-02 04:00:55,0101000020110F000068FFEAA259CA32419402C365750E5641,1
22,767,2005-12-02 16:01:42,0101000020110F00009F77DF72A7CA324176D5AEFC730E5641,1
23,767,2005-12-03 00:02:34,0101000020110F0000A83AE4DFD8CA324108BDABC07B0E5641,1
24,767,2005-12-04 00:02:17,0101000020110F000089501920FFCB3241756E9EFF1D0E5641,1
25,767,2005-12-04 12:02:01,0101000020110F000097F9F544DBCB3241B6AB278CF60D5641,1
26,767,2005-12-04 20:02:10,0101000020110F0000BE5A8398E8CC32410CABFE2F150E5641,1
13,767,2005-11-30 04:01:12,0101000020110F0000DEF4FC7110CB3241F99603A2F20D5641,1
77,767,2005-12-29 06:01:57,0101000020110F00009A54FA6291CB32414116B959E50D5641,1
78,767,2005-12-29 12:03:10,0101000020110F00006993BB0953CC32416ADD06970F0E5641,1
80,767,2005-12-30 00:01:45,0101000020110F0000EDD8C68BCFCA32413B719A13DD0D5641,1
81,767,2005-12-30 06:01:42,0101000020110F00003E100FE20CCB32416A0903E7F50D5641,1
82,767,2005-12-30 12:02:52,0101000020110F0000A4136C8034CB3241A34B09CCD30D5641,1
83,767,2005-12-30 18:00:53,0101000020110F0000C25DE6B310CC3241F017332A030E5641,1
84,767,2005-12-31 00:02:12,0101000020110F00002CC8BF103ECC3241E0D254101A0E5641,1
85,767,2005-12-31 12:01:49,0101000020110F0000B8F1FE2E7DCC3241FAFE97DC1F0E5641,1
86,767,2005-12-31 18:02:20,0101000020110F000089E3A71770CC324166722459280E5641,1
87,767,2006-01-01 12:02:52,0101000020110F000007D3302755CC3241EC6201FE1E0E5641,1
88,767,2006-01-02 06:01:51,0101000020110F00005F9C951FB0CC324112C1361BDE0D5641,1
90,767,2006-01-04 06:02:02,0101000020110F00003E7FB13F2FCC324151BBC010290E5641,1
91,767,2006-01-05 06:03:01,0101000020110F0000044B01815ECC3241D97832B8EA0D5641,1
173,767,2006-02-09 00:01:47,0101000020110F0000304BD8D630CB3241797CD88EEE0D5641,1
93,767,2006-01-06 12:03:10,0101000020110F00001E5EA551C0CB32412E4A3B24C80D5641,1
94,767,2006-01-07 18:03:13,0101000020110F000037122E7203CD3241B774D2CAE80D5641,1
95,767,2006-01-08 00:02:40,0101000020110F0000EEA9A44A34CC324108DD2F40EA0D5641,1
96,767,2006-01-08 06:01:47,0101000020110F0000C2BCE8EC6FCC32416365139EDD0D5641,1
97,767,2006-01-08 18:02:22,0101000020110F000027222ED9E1CB324172B156C50D0E5641,1
98,767,2006-01-09 00:02:56,0101000020110F00002F9701396FCB32414F1A9308630E5641,1
99,767,2006-01-09 06:01:47,0101000020110F0000EBDAE6EE57CA3241828A8B78780E5641,1
101,767,2006-01-10 00:02:16,0101000020110F00008D60E33707CC3241EB796D08160E5641,1
102,767,2006-01-10 06:01:26,0101000020110F000085643BA245CB324147FB44142A0E5641,1
103,767,2006-01-11 00:01:49,0101000020110F0000798B4D56C3CC324143B1533E310E5641,1
104,767,2006-01-11 12:03:07,0101000020110F000098E8E281ADCC3241B097A232140E5641,1
105,767,2006-01-12 18:01:50,0101000020110F0000C01D8F41B7CA32412794D3352E0E5641,1
106,767,2006-01-13 00:01:47,0101000020110F000051CCEED04ECA324183D94667960E5641,1
107,767,2006-01-13 12:02:16,0101000020110F00006448461E55CB3241BDA7F4F78D0E5641,1
108,767,2006-01-13 18:02:42,0101000020110F00000CCF85A91ECC32418942EEB8550E5641,1
109,767,2006-01-14 06:03:08,0101000020110F0000C481670CBFCA3241AE63BFBE790E5641,1
110,767,2006-01-14 12:02:30,0101000020110F000021109E3761CA3241733F6FB3620E5641,1
112,767,2006-01-15 00:02:36,0101000020110F0000150EEF9279CA32416A0491E6840E5641,1
113,767,2006-01-15 06:01:48,0101000020110F0000DD3B0F6AD0CA3241CFB6FFCF840E5641,1
114,767,2006-01-15 12:01:32,0101000020110F0000004DCE4674CB3241A61C9BB5900E5641,1
115,767,2006-01-15 18:01:51,0101000020110F000018C307A0C3CB32417FE876209F0E5641,1
116,767,2006-01-16 00:01:52,0101000020110F0000CA477B3809CB32418430B507780E5641,1
117,767,2006-01-16 12:01:26,0101000020110F00002AD699AB88CB324125C82B0D8B0E5641,1
118,767,2006-01-20 06:03:01,0101000020110F0000FC3538B7FACA32419030EBCC740E5641,1
119,767,2006-01-20 12:02:47,0101000020110F00001ABF745035CB32416C83C96B770E5641,1
120,767,2006-01-20 18:01:52,0101000020110F00005463F8E9A5CB32416BB52CDF980E5641,1
122,767,2006-01-21 18:02:25,0101000020110F0000D56E05D3CFCA3241FE0FAC1C790E5641,1
123,767,2006-01-22 00:01:52,0101000020110F0000A09FB1F9F6CA3241FBB5B15B7A0E5641,1
124,767,2006-01-22 06:03:06,0101000020110F000063B92156BFC9324122D2E1F35D0E5641,1
125,767,2006-01-22 18:02:45,0101000020110F0000DCDEEA720CCB3241333CB299ED0D5641,1
126,767,2006-01-23 06:03:09,0101000020110F0000424F77F8D5CB32415DF546B2460E5641,1
127,767,2006-01-23 12:01:23,0101000020110F000078E4F6B51BCB3241DD4A652A730E5641,1
128,767,2006-01-24 00:01:50,0101000020110F0000B8ED18CCF6CA32412BD975E2740E5641,1
129,767,2006-01-24 12:01:47,0101000020110F0000B7D3737D64CA32413DBED61B7E0E5641,1
130,767,2006-01-24 18:02:25,0101000020110F0000AC137E45D1CA3241C47211BF7C0E5641,1
131,767,2006-01-25 00:01:48,0101000020110F000014849F89FACA3241A4F60755720E5641,1
132,767,2006-01-25 06:01:47,0101000020110F00002EB48C9CECCA3241B0E65DCD750E5641,1
134,767,2006-01-25 18:01:51,0101000020110F00004442A5BA55CA32410DCF83B1F70D5641,1
135,767,2006-01-26 06:02:19,0101000020110F00008A856B1AEECA3241A0850AB1FD0D5641,1
136,767,2006-01-26 12:00:48,0101000020110F000049A67D855DCA3241DD55FA08FB0D5641,1
137,767,2006-01-27 06:01:42,0101000020110F00002DD117006ACA3241C0338C30FA0D5641,1
138,767,2006-01-27 12:01:17,0101000020110F0000735FD644C3CB3241094C8C67DF0D5641,1
139,767,2006-01-27 18:01:40,0101000020110F00004AF894F587CC3241C93CD1710C0E5641,1
140,767,2006-01-28 12:03:08,0101000020110F0000DE5B0D9269CD324151B19E76170E5641,1
141,767,2006-01-28 18:01:54,0101000020110F0000AC1C7B12D6CC3241B6B44152320E5641,1
143,767,2006-01-29 12:01:53,0101000020110F0000FD67CDBCB1CC32419101EAF4230E5641,1
144,767,2006-01-29 18:01:57,0101000020110F00006B69878808CD32412F2D4F54240E5641,1
145,767,2006-01-30 00:03:03,0101000020110F00000AFC1BFD79CC3241AC3361B7840E5641,1
146,767,2006-01-30 06:00:48,0101000020110F00002B3043597CCC3241921F31A8890E5641,1
147,767,2006-01-30 12:02:41,0101000020110F000067A195A49DCB32412CCEDE7E960E5641,1
148,767,2006-01-31 06:01:51,0101000020110F0000A01A50B0C8CA3241A57ABEED740E5641,1
149,767,2006-02-02 06:01:23,0101000020110F000054062706DACC32418E10F5292F0E5641,1
150,767,2006-02-02 12:02:57,0101000020110F00004C4D2739FDCC324163F53FE5190E5641,1
151,767,2006-02-02 18:01:38,0101000020110F0000D42F6C8D24CD3241C1C2B071070E5641,1
152,767,2006-02-03 00:01:50,0101000020110F00006F7951A010CD3241A9DD6F8F070E5641,1
153,767,2006-02-03 18:01:25,0101000020110F0000A03C0370CFCC32412EF11500870E5641,1
154,767,2006-02-04 00:01:42,0101000020110F0000885F352AD2CC3241CEEEFBDD8A0E5641,1
156,767,2006-02-04 12:02:22,0101000020110F000045D95B363ACB3241952D12257E0E5641,1
157,767,2006-02-04 18:01:42,0101000020110F0000B0B463DEC9CA3241CEB9E575440E5641,1
158,767,2006-02-05 00:03:03,0101000020110F0000E8209E7655CB3241EC3D4D593B0E5641,1
159,767,2006-02-05 06:01:02,0101000020110F0000600B517E0CCB3241869CEF49770E5641,1
160,767,2006-02-05 12:02:20,0101000020110F00003D36D9337CCB32416BE618B25F0E5641,1
161,767,2006-02-05 18:03:00,0101000020110F0000C0D9DE1B08CC3241DE5D026A1B0E5641,1
165,767,2006-02-06 18:00:41,0101000020110F0000AD9B18B7E2CA3241043DD062290E5641,1
166,767,2006-02-07 00:02:29,0101000020110F000065EAC7FFE5CA32417B787F33750E5641,1
167,767,2006-02-07 06:00:55,0101000020110F00003AB05E25F3CA32418BD379F9750E5641,1
168,767,2006-02-07 18:03:11,0101000020110F0000E672E69FDCC93241C79FC7D2910E5641,1
74,767,2005-12-28 00:02:40,0101000020110F000082DEC093BCCA3241255D902CFF0D5641,1
75,767,2005-12-28 06:01:52,0101000020110F0000A787915C07CB3241AF1EFF74F70D5641,1
174,767,2006-02-09 06:01:25,0101000020110F00009596365323CB32410A3ED77DEF0D5641,1
175,767,2006-02-09 12:02:24,0101000020110F0000874C9EFE18CB3241AB7FE921F70D5641,1
177,767,2006-02-10 06:03:00,0101000020110F000035C88FB4EDCC3241D4B97F17360E5641,1
178,767,2006-02-11 00:03:04,0101000020110F0000F1246D7EC5CA32417CA2A711400E5641,1
179,767,2006-02-11 06:01:12,0101000020110F0000AC17A653BFCA324108401A2F3D0E5641,1
180,767,2006-02-11 12:02:24,0101000020110F00009DB2A27445CB32411FA86A633D0E5641,1
181,767,2006-02-13 18:01:51,0101000020110F000067847582C0CC32411BF8ACB22B0E5641,1
182,767,2006-02-14 00:03:13,0101000020110F0000E3267A491FCD32418A4C0898160E5641,1
183,767,2006-02-14 06:00:57,0101000020110F0000FE1D596866CC3241025251B4F40D5641,1
184,767,2006-02-14 12:01:53,0101000020110F0000B67072E044CB32410771CCB2E70D5641,1
185,767,2006-02-14 18:01:01,0101000020110F000013650C7B17CB32412ED73033BB0D5641,1
186,767,2006-02-15 00:01:59,0101000020110F0000C6711AFBF3CA32410E6460BC760E5641,1
187,767,2006-02-15 06:02:11,0101000020110F0000BF36B0FFD3CA32413390841B7B0E5641,1
188,767,2006-02-15 12:01:18,0101000020110F00008F8A41AC96CA32417C1E6DAE2D0E5641,1
189,767,2006-02-15 18:01:53,0101000020110F0000E95D4003A6CA32414A24137C0C0E5641,1
190,767,2006-02-16 00:02:18,0101000020110F00004FA6B86AADCB32414825E7932B0E5641,1
191,767,2006-02-16 06:01:24,0101000020110F00001DDE5A7210CC32418B030370390E5641,1
192,767,2006-02-16 18:03:03,0101000020110F0000C393A3C7B5CD3241F595F281090E5641,1
194,767,2006-02-21 06:01:24,0101000020110F0000ECB9F15BFFCB3241DF7318A1340E5641,1
195,767,2006-02-21 18:03:09,0101000020110F0000CC118DF581CC3241F8382E159F0E5641,1
270,767,2006-03-23 12:03:09,0101000020110F00000321BC0D09CB324107B47471A70D5641,1
198,767,2006-02-22 18:02:57,0101000020110F0000CAE878FFA9CA32412249DA23790E5641,1
199,767,2006-02-23 06:01:52,0101000020110F0000A41E60900ECB3241D8222F65760E5641,1
200,767,2006-02-23 12:01:54,0101000020110F000022DAF115C7CA32416C6E983C420E5641,1
201,767,2006-02-23 18:02:51,0101000020110F0000F339FB62D9CA32415CAB5C7E2B0E5641,1
202,767,2006-02-24 06:02:49,0101000020110F0000D1FC7B17ABCC324197659B3B0A0E5641,1
203,767,2006-02-25 18:03:03,0101000020110F00000D9C7D7B82CC32411944BB57DE0D5641,1
204,767,2006-02-26 00:03:12,0101000020110F000067EBC74D81CD32418DC669AFD80D5641,1
205,767,2006-02-26 06:02:21,0101000020110F00008E73BC84ADCC324111442D17D70D5641,1
206,767,2006-02-26 18:03:06,0101000020110F000001AFC786C9CC32411B227A0B2B0E5641,1
207,767,2006-02-27 18:02:18,0101000020110F0000146FCFF97ECC32418D19B284930E5641,1
208,767,2006-02-28 06:01:12,0101000020110F00000AB700349ACB3241A549EB5AE90E5641,1
209,767,2006-02-28 12:01:52,0101000020110F00007F3CAAF3CBCB32411F2CC6E0970E5641,1
210,767,2006-02-28 18:00:55,0101000020110F000086355B8297CB3241A6F7E6CA940E5641,1
211,767,2006-03-01 00:02:50,0101000020110F0000242DCF4B49CB324153034D10820E5641,1
212,767,2006-03-01 06:02:26,0101000020110F000069F08CED1ECB3241BD642D358B0E5641,1
213,767,2006-03-01 18:01:23,0101000020110F00002A2F01EAF3CA3241FAA91C1F730E5641,1
214,767,2006-03-02 00:02:10,0101000020110F00007F2E7D4589CB32419A874074300E5641,1
216,767,2006-03-02 12:00:54,0101000020110F00001290C48CD7CA3241E1AD394BD40D5641,1
217,767,2006-03-02 18:03:08,0101000020110F0000F163EDC236CB32418D5BB11BEB0D5641,1
219,767,2006-03-03 18:01:23,0101000020110F00002138B2DF9DC9324151549154FF0D5641,1
220,767,2006-03-04 00:01:43,0101000020110F00003F41395888C93241544ADB25BB0D5641,1
221,767,2006-03-04 12:02:03,0101000020110F00000B9FA53BD5C93241FC1364B5ED0D5641,1
222,767,2006-03-05 00:02:15,0101000020110F00008980BF7B8ACA3241C28968D1E90D5641,1
223,767,2006-03-05 06:01:17,0101000020110F00008A47DA310DCB324104775C35FE0D5641,1
224,767,2006-03-05 12:02:21,0101000020110F0000281B62D7F5CB32415B5E9AD1370E5641,1
225,767,2006-03-06 18:03:12,0101000020110F0000BC5E16E876CD3241C6BD1A51180E5641,1
226,767,2006-03-07 00:03:05,0101000020110F0000E30973287CCB324134B8925FD60D5641,1
227,767,2006-03-07 06:02:56,0101000020110F00009B67155B9FCA3241D34BEF72E40D5641,1
228,767,2006-03-07 18:02:53,0101000020110F0000E6B7BFBD54CC32413D8C7DD2E20D5641,1
229,767,2006-03-08 00:00:53,0101000020110F0000EC125910F0CB3241B3535CEA270E5641,1
230,767,2006-03-08 06:01:27,0101000020110F000057A0ED89EECB324110042B981B0E5641,1
231,767,2006-03-08 18:01:51,0101000020110F00003B11AB2AA5CA3241E2AE5E9FF30D5641,1
232,767,2006-03-09 00:01:50,0101000020110F000001678C9640C9324188659406B50D5641,1
233,767,2006-03-09 06:03:04,0101000020110F00002859778C2BC93241DD24CA65C30D5641,1
234,767,2006-03-10 00:00:54,0101000020110F00000B0A62ACF6C93241E39348C9C30D5641,1
235,767,2006-03-10 06:02:57,0101000020110F0000D90D787FC2C932419A0B18E4F30D5641,1
236,767,2006-03-10 12:01:48,0101000020110F00001203133BC2C932417B6753BDEA0D5641,1
238,767,2006-03-11 00:02:45,0101000020110F0000E1355C4134CA3241C826F732090E5641,1
240,767,2006-03-11 12:03:02,0101000020110F000017CF0383EDC932418ED6C982AE0D5641,1
241,767,2006-03-12 00:01:50,0101000020110F00004418DC0426CB3241838B538A540E5641,1
242,767,2006-03-12 18:00:54,0101000020110F00000E245A0E81CB32410EDB588CB60D5641,1
243,767,2006-03-13 00:03:06,0101000020110F0000178FFF238CC9324121C94DCC950D5641,1
244,767,2006-03-13 06:03:07,0101000020110F000014315712D8C9324190E35E7E840D5641,1
245,767,2006-03-13 12:02:26,0101000020110F0000DD47C92B0DCA3241C63F6220BF0D5641,1
246,767,2006-03-14 00:02:22,0101000020110F0000C372F86479C932413D3A9E869A0D5641,1
247,767,2006-03-14 12:02:09,0101000020110F00009DAA52E2E3CA3241958E0301C00D5641,1
248,767,2006-03-15 00:02:47,0101000020110F0000397C1488CEC9324188EB3FF37F0D5641,1
249,767,2006-03-15 18:02:24,0101000020110F00008DD9CCE0E5CB32413C923FB7C40D5641,1
250,767,2006-03-16 00:02:56,0101000020110F000025336A463DCC3241BA87C474070E5641,1
251,767,2006-03-17 06:01:51,0101000020110F0000D28CA83C0BCC32416007ED7C150E5641,1
252,767,2006-03-17 12:02:48,0101000020110F000065FA6724A9CB32417F0F22C0E70D5641,1
253,767,2006-03-18 00:03:03,0101000020110F0000F27E584DA6CA324112DEDC127A0E5641,1
254,767,2006-03-18 12:02:17,0101000020110F0000616387B57FCB3241D0ED27038B0D5641,1
255,767,2006-03-18 18:01:54,0101000020110F000069343D9D48C932415EA8F2DD380D5641,0
256,767,2006-03-19 06:02:38,0101000020110F0000612871166FCA324109311953D80D5641,1
257,767,2006-03-19 12:03:06,0101000020110F0000B878573106CB324176DC5352EE0D5641,1
258,767,2006-03-19 18:03:08,0101000020110F00004A35A24DF3CB324198E2282CE40D5641,1
261,767,2006-03-20 12:03:01,0101000020110F00009E361562E3CA324175E787C3330E5641,1
262,767,2006-03-20 18:01:42,0101000020110F00003039831A00CB324103E0AB6F000E5641,1
263,767,2006-03-21 00:00:55,0101000020110F0000E145FC65F7CA32413A3CE528000E5641,1
264,767,2006-03-21 12:01:31,0101000020110F00000565BFD02ACA32413A223C7DAD0D5641,1
265,767,2006-03-22 06:01:52,0101000020110F0000797BAD3100CC3241E985F554B60D5641,1
266,767,2006-03-22 12:00:55,0101000020110F0000E05AF51526CB32411254E808EF0D5641,1
271,767,2006-03-24 18:02:10,0101000020110F000094245BCD1DCA32411922E343950D5641,1
272,767,2006-03-25 12:01:02,0101000020110F0000B2440CC14FCC3241908269EA910D5641,1
274,767,2006-03-26 06:02:00,0101000020110F00005786483B5CCB3241B2EBA404F10D5641,1
275,767,2006-03-26 12:02:29,0101000020110F0000EA5A9C0FA8CA324158F26378E00D5641,1
277,767,2006-03-28 00:01:57,0101000020110F00000B6964E555CA324120D63A84360E5641,1
278,767,2006-03-28 06:01:46,0101000020110F0000AFE00AD694CA32417DC583F02E0E5641,1
279,767,2006-03-28 12:03:00,0101000020110F0000E5D48C42BFCA324150357CD2390E5641,1
280,767,2006-03-28 18:02:17,0101000020110F0000B9320BEBA8CA32413E092AC5400E5641,1
281,767,2006-03-29 06:01:42,0101000020110F0000BA0908E7DBCA3241CC7A12B72E0E5641,1
282,767,2006-03-29 12:02:22,0101000020110F00000CF1FECCECCA32411E03AC2F2E0E5641,1
283,767,2006-03-29 18:02:51,0101000020110F00006585E8AAA5CA3241497E29D1360E5641,1
284,767,2006-03-30 00:00:54,0101000020110F00005D738129D8CA3241FC438A46380E5641,1
285,767,2006-03-30 06:02:18,0101000020110F0000BB8375AAAACA3241F15D126D300E5641,1
286,767,2006-03-31 06:01:47,0101000020110F000081FF737BADCA3241EEAE5424EC0D5641,1
287,767,2006-04-01 04:01:54,0101000020110F0000FC90540359CA32413D111FAEFB0D5641,1
288,767,2006-04-01 08:02:17,0101000020110F000060C147F5DBCA32410A90175DD50D5641,1
289,767,2006-04-01 16:02:52,0101000020110F00005ECBB7604BCB32412B229A43BB0D5641,1
290,767,2006-04-01 20:02:41,0101000020110F0000340C828504CA32417202CB2AA00D5641,1
291,767,2006-04-02 04:00:47,0101000020110F00007728D085F8CA32416C28B11AFE0D5641,1
292,767,2006-04-02 08:01:47,0101000020110F0000567C85327ACA3241DA3351DAED0D5641,1
293,767,2006-04-02 16:03:06,0101000020110F0000EE3A7EAA37CD32418AFC2188020E5641,1
295,767,2006-04-03 16:02:19,0101000020110F000016E9D1F132CC3241FF7C55970B0E5641,1
296,767,2006-04-03 20:03:03,0101000020110F000014E1EC2AECCB3241ECD9D692CA0D5641,1
297,767,2006-04-04 04:02:24,0101000020110F00000C8B59C649CB3241897D00EC420E5641,1
299,767,2006-04-04 16:02:02,0101000020110F00006341E5E783CB3241FB2D705DAD0D5641,1
300,767,2006-04-05 00:03:06,0101000020110F00001D50BAC46ACA324178ED71B9150E5641,1
367,767,2006-04-25 20:01:54,0101000020110F00008F057D30F7C432411499182F7E0F5641,2
302,767,2006-04-05 08:00:55,0101000020110F00000214C0DC43CA32414DD4B52AF60D5641,1
303,767,2006-04-05 16:01:55,0101000020110F00002BF4A829F6CA324121318D2AF80D5641,1
304,767,2006-04-06 16:02:10,0101000020110F00008CAEC131B3CB3241397CF12D150E5641,1
305,767,2006-04-07 04:01:23,0101000020110F0000D79EBC2066CB32415FCDE692400E5641,1
306,767,2006-04-07 08:01:17,0101000020110F0000D1943AF059CB32417784D3B9B20D5641,1
307,767,2006-04-07 16:01:53,0101000020110F0000C67A59E9E5CB3241992585E9D00D5641,1
308,767,2006-04-09 00:01:54,0101000020110F0000D38E342A4BCA32413344C2272A0E5641,1
309,767,2006-04-09 12:03:01,0101000020110F00007A8A5EFA32CC3241DDD525DDFD0D5641,1
310,767,2006-04-09 20:02:58,0101000020110F00001617C3B550CB3241EBD67CA5290E5641,1
311,767,2006-04-10 00:02:31,0101000020110F0000733CB0E651CB3241CFA2D85D3C0E5641,1
312,767,2006-04-10 08:03:09,0101000020110F0000839C9CD1D2CA3241719FC731DE0D5641,1
313,767,2006-04-10 20:02:47,0101000020110F00007CF24D57A3CA324150843DEB300E5641,1
314,767,2006-04-11 00:01:09,0101000020110F0000DB0DCB92BACA324150FB90413D0E5641,1
316,767,2006-04-11 20:01:44,0101000020110F000046DA9D2F3DCC324163D609D2230E5641,1
317,767,2006-04-12 08:02:24,0101000020110F00001EA14DA41FCC32417E2C2DE1F10D5641,1
318,767,2006-04-12 16:01:52,0101000020110F0000C8499B1117CB324103226716ED0D5641,1
319,767,2006-04-12 20:03:01,0101000020110F00008807FFF25ECC32413B69C816E20D5641,1
321,767,2006-04-13 04:02:19,0101000020110F00008812CA580BCB3241BC3BB4D7550E5641,1
322,767,2006-04-13 16:02:23,0101000020110F00009A9CD220A9C9324111BFC58FB20D5641,1
323,767,2006-04-13 20:01:51,0101000020110F0000F92E84E3B6CA32416EE94522060E5641,1
324,767,2006-04-14 08:02:19,0101000020110F0000683CB64F5DCB3241EC57F2EF3D0E5641,1
325,767,2006-04-14 20:03:04,0101000020110F00001024ADABF3CB3241E06C9016EB0D5641,1
326,767,2006-04-15 04:02:55,0101000020110F000060E5F16D3DCB32414CE9912B270E5641,1
327,767,2006-04-15 08:01:12,0101000020110F0000AB984AD09FCB3241F93C528EB10D5641,1
328,767,2006-04-15 20:02:59,0101000020110F00007B77D8C084CC32412C5EF20EBF0D5641,1
329,767,2006-04-16 00:02:55,0101000020110F0000E050F0EB56CB32414D02E9D0480E5641,1
330,767,2006-04-16 20:01:04,0101000020110F0000EE0EC6C061CB3241B0CFF52E3F0E5641,1
331,767,2006-04-17 04:02:52,0101000020110F00003D3A01426ACB32415E2D37F90C0E5641,1
332,767,2006-04-17 08:03:03,0101000020110F0000DCC73C2B70CB324175997532240E5641,1
333,767,2006-04-17 16:02:54,0101000020110F00000564F9944DCB3241B7A8E239D90D5641,1
334,767,2006-04-17 20:02:58,0101000020110F0000D5C302E25FCB3241581F4FC0350E5641,1
335,767,2006-04-18 08:02:38,0101000020110F00008D32F273E9CC324181DEE749E40D5641,1
337,767,2006-04-19 12:01:59,0101000020110F0000EA78696C28CB32413BE6591BD00D5641,1
338,767,2006-04-19 20:02:58,0101000020110F00003064B7E9E5CC324156A2A62E910E5641,1
339,767,2006-04-20 04:02:35,0101000020110F00009950FBFED0CC3241882A1FC2950E5641,1
340,767,2006-04-20 08:02:12,0101000020110F0000D78D149FD8CC3241F1BEA4C23F0F5641,0
341,767,2006-04-20 12:03:08,0101000020110F0000D9A903BABDCC3241A03967ED470F5641,0
343,767,2006-04-20 20:01:52,0101000020110F00005A8869E7FBC83241E6FA8863AB0F5641,2
344,767,2006-04-21 00:02:43,0101000020110F0000B6BFB3E35CC43241064E72ACFE0E5641,2
345,767,2006-04-21 04:01:10,0101000020110F00000D869D7EF2C63241E6945F466A0F5641,2
346,767,2006-04-21 08:02:49,0101000020110F000012569DD3D1C932412B10E4A1F20F5641,2
347,767,2006-04-21 16:01:23,0101000020110F000019DB52790FC932415D70A326A60F5641,2
348,767,2006-04-21 20:01:40,0101000020110F0000B68353C694C632416D2DDBE0760F5641,2
349,767,2006-04-22 00:00:52,0101000020110F0000BB5F265470C632418559EA25600F5641,2
350,767,2006-04-22 04:00:55,0101000020110F000046E1C4C9D5C83241030AB3C2A20F5641,2
351,767,2006-04-22 08:02:24,0101000020110F00003586EFBE58CA3241810B0D0ECA0F5641,2
352,767,2006-04-22 16:02:55,0101000020110F00009D2402C79FC93241D768DC91760F5641,2
353,767,2006-04-22 20:01:23,0101000020110F00003242B2E978C73241DF50171B540F5641,2
354,767,2006-04-23 00:00:55,0101000020110F00001EFA51269FC632413DEF8A44640F5641,2
355,767,2006-04-23 04:01:17,0101000020110F0000B7E077BD58C63241ED128F21750F5641,2
356,767,2006-04-23 08:01:55,0101000020110F00000D1016A824C83241252A0A00FF0F5641,2
358,767,2006-04-23 16:01:54,0101000020110F0000E1E74335CAC632413005F382FA0F5641,2
359,767,2006-04-23 20:02:23,0101000020110F000041D45C84DEC9324183A27B7F920F5641,2
360,767,2006-04-24 00:01:54,0101000020110F00003EC660057EC632419374E8964F0F5641,2
361,767,2006-04-24 08:01:54,0101000020110F00000963342C02CA32417BD80DD0DB0F5641,2
362,767,2006-04-24 20:02:22,0101000020110F0000E7E7025DF4C532414C007A0E420F5641,2
363,767,2006-04-25 00:00:55,0101000020110F0000B23AE685FCC53241E6F9FE13450F5641,2
269,767,2006-03-23 06:03:08,0101000020110F0000EAD5F82E07CB3241D4F83F9CFA0D5641,1
368,767,2006-04-26 00:01:59,0101000020110F0000E19823CC95C532412AAA9F2A990F5641,2
369,767,2006-04-26 04:02:17,0101000020110F0000748C33CF77C63241673B4F14B30F5641,2
371,767,2006-04-26 16:02:23,0101000020110F0000DFB5D74FC6C63241C573D5461C105641,2
372,767,2006-04-26 20:01:47,0101000020110F0000ACCD39981DC532416C50E4985E0F5641,2
373,767,2006-04-27 00:02:11,0101000020110F00009AC661C41AC53241CA2739DA4C0F5641,2
376,767,2006-04-29 00:02:55,0101000020110F0000A6B781E8AEC332415D071E77780F5641,2
377,767,2006-04-29 04:01:20,0101000020110F00002F6F8A5EC1C63241866B7BA4B20F5641,2
378,767,2006-04-29 08:02:46,0101000020110F00004266806299C7324125ED42F701105641,2
379,767,2006-04-29 16:02:05,0101000020110F00000ADC36D61AC73241C68F692BF10F5641,2
381,767,2006-04-30 00:02:47,0101000020110F00005148534D78C83241C2A7D86FAB0F5641,2
382,767,2006-04-30 12:01:23,0101000020110F000048ED8F7D1DCA32419E88518BB30F5641,2
383,767,2006-04-30 16:01:42,0101000020110F00000DA78A021CCA3241E0BCF6BDB80F5641,2
384,767,2006-04-30 20:01:54,0101000020110F0000495BC7C189C832418DD66E3E8F0F5641,2
385,767,2006-05-01 00:01:49,0101000020110F000097EBA78514C532410F0C41F2350F5641,2
386,767,2006-05-01 08:02:29,0101000020110F0000C9DC842BAFC732419B7D14AEF80F5641,2
387,767,2006-05-01 12:02:11,0101000020110F0000287DA5D1E1C63241595CB1E305105641,2
388,767,2006-05-01 16:02:29,0101000020110F0000AC632AD824C73241E7C20C090B105641,2
389,767,2006-05-01 20:01:36,0101000020110F0000661C7E1506C53241E6BCF526390F5641,2
390,767,2006-05-02 00:02:07,0101000020110F00007CBA365832C532416A691125690F5641,2
392,767,2006-05-02 12:02:03,0101000020110F0000D813D967F8C632411EDEF38744105641,2
393,767,2006-05-02 16:03:03,0101000020110F0000BD1DC0FA13C732410E5160FB1E105641,2
394,767,2006-05-02 20:02:58,0101000020110F0000D6C88D6F3FC53241C6E18CB32C0F5641,2
395,767,2006-05-03 00:00:48,0101000020110F0000FE2C54EB2FC632414E2B4300580F5641,2
396,767,2006-05-03 04:01:19,0101000020110F000002CD31275EC83241DF74C565940F5641,2
397,767,2006-05-03 12:03:06,0101000020110F0000BDA263DBB4C63241C09C537002105641,2
398,767,2006-05-03 16:02:09,0101000020110F0000BAD3213DFEC6324156D48187FD0F5641,2
399,767,2006-05-03 20:00:55,0101000020110F00006688BEA017C53241BDFEA42C380F5641,2
400,767,2006-05-04 00:01:41,0101000020110F0000F790321F43C632417645FECA550F5641,2
401,767,2006-05-04 04:03:08,0101000020110F0000143BE008FCC632414EF5C134C10F5641,2
403,767,2006-05-04 16:00:53,0101000020110F0000855FEA2509C73241AED2C29CF20F5641,2
404,767,2006-05-04 20:02:13,0101000020110F000036372A784BC532414AD021BA3A0F5641,2
464,767,2006-05-23 04:03:07,0101000020110F0000C21CB9E660C73241BD8ACECDA80F5641,2
406,767,2006-05-05 04:03:01,0101000020110F00003A588310A7C63241654D4F97E90F5641,2
407,767,2006-05-05 16:01:24,0101000020110F0000B467E0DE5AC93241452F21FEDF0F5641,2
408,767,2006-05-05 20:00:47,0101000020110F0000E40B41C123C8324176D52E947D0F5641,2
409,767,2006-05-06 00:00:54,0101000020110F00007D2C12DE37C63241DA6B899D500F5641,2
410,767,2006-05-06 12:01:45,0101000020110F00008FC5F48EBBC632412490185726105641,2
411,767,2006-05-06 16:01:56,0101000020110F000020977A7CC4C63241AE9FBA0902105641,2
413,767,2006-05-07 00:02:22,0101000020110F0000CF8F966025C6324146B932079A0F5641,2
414,767,2006-05-07 08:02:54,0101000020110F0000EA33904EB0C83241EE0F8E2BD40F5641,2
415,767,2006-05-07 12:02:24,0101000020110F000091C059E262C832417461620ACD0F5641,2
416,767,2006-05-07 20:00:42,0101000020110F0000BA9168462FC7324121FF92A15F0F5641,2
417,767,2006-05-08 00:01:22,0101000020110F00004DBF23CF6BC63241E3C4783D8D0F5641,2
418,767,2006-05-08 04:01:26,0101000020110F00005BB9935D77C73241F6253A3B930F5641,2
419,767,2006-05-08 08:02:39,0101000020110F00006F909C2BC1C7324107F1FF6BDC0F5641,2
420,767,2006-05-08 12:02:11,0101000020110F0000A5B3BC96ACC8324196CB0866D40F5641,2
421,767,2006-05-08 16:03:01,0101000020110F00009534561408C732419102D183E90F5641,2
422,767,2006-05-08 20:01:38,0101000020110F000007F6F35255C73241840A50D8710F5641,2
423,767,2006-05-09 00:02:04,0101000020110F00003167CF0045C632418692A64FFA0F5641,2
425,767,2006-05-09 16:02:24,0101000020110F00008982B634E5C832419906CF31D00F5641,2
426,767,2006-05-10 16:01:23,0101000020110F0000CBF9208137C932411CFB467CE20F5641,2
427,767,2006-05-10 20:00:53,0101000020110F0000ACE421F277C832418C4559F4850F5641,2
428,767,2006-05-11 00:03:06,0101000020110F0000F61C60E0E2C63241D57E0897B60F5641,2
429,767,2006-05-11 08:01:52,0101000020110F000066523B29ABC632417D1CD3C207105641,2
430,767,2006-05-11 12:01:54,0101000020110F0000731950ECA7C7324150E39CDF22105641,2
431,767,2006-05-11 20:01:43,0101000020110F00005D488F7BDFC73241CF4C8FDC6D0F5641,2
432,767,2006-05-12 00:00:53,0101000020110F000043CE986937C73241F6204CCD870F5641,2
434,767,2006-05-12 12:01:35,0101000020110F00008A8E47D66EC6324137E96C0731105641,2
435,767,2006-05-12 16:03:01,0101000020110F00006F3B9FA6ABC6324192169BAC10105641,2
436,767,2006-05-12 20:02:11,0101000020110F00009D9F244AC6C63241395D9C6C550F5641,2
437,767,2006-05-13 00:01:24,0101000020110F0000BF315F8397C63241D09F7453630F5641,2
438,767,2006-05-13 04:03:03,0101000020110F00007630282789C63241A78138CEE80F5641,2
439,767,2006-05-13 08:01:53,0101000020110F0000124128F0F7C6324111C2A73329105641,2
440,767,2006-05-13 12:02:35,0101000020110F0000B990E42B3FC7324194F9877BD60F5641,2
441,767,2006-05-13 20:00:48,0101000020110F000029C6BF7407C7324178382A795C0F5641,2
442,767,2006-05-14 00:01:24,0101000020110F00007DBAF43645C63241B274D1B44B0F5641,2
443,767,2006-05-14 04:01:12,0101000020110F0000618B1FA096C8324146003D30AB0F5641,2
444,767,2006-05-14 08:02:33,0101000020110F0000BCF4E516FAC83241BA65EAB5DA0F5641,2
445,767,2006-05-14 12:01:48,0101000020110F00008468E7F20DC93241C13B9865D10F5641,2
447,767,2006-05-16 00:01:13,0101000020110F00008B146FD1FFC532411DD26231960F5641,2
448,767,2006-05-16 04:01:18,0101000020110F00005CC0F49348C732411779BE4A8F0F5641,2
449,767,2006-05-16 12:01:01,0101000020110F000020B0598F79C83241BE36F684FC0F5641,2
450,767,2006-05-17 00:01:13,0101000020110F0000985919DC3EC732411D87CB29660F5641,2
451,767,2006-05-17 04:02:53,0101000020110F00007E5A7F5F7BC732412CB2C29AC40F5641,2
452,767,2006-05-17 20:01:23,0101000020110F0000A4D666C172C63241630EC2338C0F5641,2
453,767,2006-05-18 00:01:53,0101000020110F0000BB89EF931AC5324199816BE7790F5641,2
455,767,2006-05-19 04:01:24,0101000020110F000051C1C03831C63241F1AE23103F0F5641,2
456,767,2006-05-21 20:01:23,0101000020110F0000BAD410998EC73241801CC3D09B0F5641,2
457,767,2006-05-22 00:01:20,0101000020110F000072ED55E1E4C63241800ACD305D0F5641,2
458,767,2006-05-22 04:01:53,0101000020110F00005D948FBD6AC63241B43076FFBE0F5641,2
459,767,2006-05-22 08:01:54,0101000020110F0000EE43DEA892C63241FD95000C34105641,2
460,767,2006-05-22 12:02:24,0101000020110F0000C7A43B2ACAC7324130F7281030105641,2
365,767,2006-04-25 12:02:26,0101000020110F0000D5064878D3C63241ED5E5388EE0F5641,2
366,767,2006-04-25 16:02:20,0101000020110F0000656E00514BC7324187C62ECBFF0F5641,2
465,767,2006-05-23 12:01:50,0101000020110F0000DDE5A6CB04C732412779205F11105641,2
466,767,2006-05-23 20:01:58,0101000020110F000085ECDD2286C6324178EA366F540F5641,2
468,767,2006-05-24 08:00:55,0101000020110F000033D40FDAF1C83241503A0D41D60F5641,2
469,767,2006-05-24 12:03:08,0101000020110F00000FE6E126DAC83241F7FA62DBD90F5641,2
470,767,2006-05-24 20:01:56,0101000020110F00004326CFA0AAC73241E6108ADA9A0F5641,2
472,767,2006-05-25 04:03:11,0101000020110F0000CF0AB1D41CC832418C1A040EA60F5641,2
473,767,2006-05-25 08:03:11,0101000020110F0000C38DE7BB3DC632416E9A67CD66105641,2
474,767,2006-05-25 12:01:51,0101000020110F000026F54C81BDC53241F8F7DFE8A6105641,0
475,767,2006-05-25 20:02:11,0101000020110F00004760626EE2C632415D2D5C53580F5641,2
476,767,2006-05-26 00:01:48,0101000020110F000093505DE70FC63241BDE799B66D0F5641,2
477,767,2006-05-26 04:00:52,0101000020110F0000C260E553B0C73241BA93FAEDAD0F5641,2
480,767,2006-05-27 04:02:54,0101000020110F0000DCAC6E6E8FC63241077D884CCE0F5641,2
481,767,2006-05-27 20:02:11,0101000020110F0000E6C0DD9AC2C63241E12004D24C0F5641,2
482,767,2006-05-28 00:01:55,0101000020110F00006BAA9B5363C632419ACEED6B670F5641,2
483,767,2006-05-28 04:03:01,0101000020110F0000506D706444C73241CF233139C80F5641,2
485,767,2006-05-29 00:00:54,0101000020110F0000767BBD4F5EC232417EBC42977D0F5641,2
486,767,2006-05-29 04:01:42,0101000020110F0000C438A88BC0C632412039E13DF10F5641,2
487,767,2006-05-29 08:02:51,0101000020110F000030DFF26D46C732416B26008A8D105641,0
489,767,2006-05-29 16:02:48,0101000020110F0000A1796BEA61C83241F730647BC70F5641,2
490,767,2006-05-29 20:02:11,0101000020110F000060EAA51BD0C63241742D75D67A0F5641,2
491,767,2006-05-30 00:00:49,0101000020110F000041086D0F45C732415A4C4914820F5641,2
492,767,2006-05-30 04:03:04,0101000020110F0000656AD8425DC7324115E7E23FC70F5641,2
493,767,2006-05-30 12:01:46,0101000020110F0000E390264D2CC632413392D6CA34105641,2
494,767,2006-05-30 16:02:38,0101000020110F00005AE2D88231C63241353925B013105641,2
495,767,2006-05-31 00:02:54,0101000020110F000081A5E3586EC632418A25C2C03B0F5641,2
496,767,2006-05-31 04:02:30,0101000020110F000098B85D368BC6324182197846B70F5641,2
497,767,2006-05-31 08:02:39,0101000020110F0000A26383DEA2C732419C27EA7CF40F5641,2
498,767,2006-05-31 12:01:23,0101000020110F000006E49E9624C732419016E5DAEF0F5641,2
499,767,2006-05-31 16:02:21,0101000020110F00003B532A853BC732411A7B9F59EF0F5641,2
500,767,2006-06-01 04:01:56,0101000020110F000027018376A5C732414D79FEA5C60F5641,2
501,767,2006-06-01 16:02:05,0101000020110F000022F45C529BC732411B64D69B07105641,2
502,767,2006-06-01 20:02:57,0101000020110F000085F6E24C55C63241290368C4220F5641,2
503,767,2006-06-02 12:01:23,0101000020110F00004851044322C7324122D85D75ED0F5641,2
504,767,2006-06-02 16:02:37,0101000020110F0000B6B952FB26C73241E1ACF1B6F10F5641,2
505,767,2006-06-02 20:01:56,0101000020110F0000AA93F95363C7324196EB6DA0C30F5641,2
507,767,2006-06-03 12:02:25,0101000020110F00008B7FE92034C73241C38B74C1FE0F5641,2
508,767,2006-06-03 16:01:48,0101000020110F0000D76907F405C73241A0AEC72EFC0F5641,2
560,767,2006-06-17 00:03:00,0101000020110F00001AC916BE18C632415C2F76AF5E0F5641,2
511,767,2006-06-04 04:03:05,0101000020110F00005AB23227A6C732417594A0B1E20F5641,2
512,767,2006-06-04 12:01:24,0101000020110F0000EE439C87A5C7324128448248F80F5641,2
513,767,2006-06-04 16:02:18,0101000020110F00008F3224765DC73241639C9C200D105641,2
514,767,2006-06-04 20:02:12,0101000020110F00008432E8BD7BC832412A65826B910F5641,2
515,767,2006-06-05 04:02:43,0101000020110F0000368A72EF6DC63241F74D4EB4C80F5641,2
516,767,2006-06-05 08:01:47,0101000020110F0000A93F2D4CCBC53241E4FCEA894C105641,2
517,767,2006-06-05 12:03:01,0101000020110F00001B4BD41349C63241280E5E1105105641,2
518,767,2006-06-06 00:01:42,0101000020110F0000545DFA32C6C5324187D567BC410F5641,2
519,767,2006-06-06 04:01:24,0101000020110F00006F52A8106FC2324104852ADD880F5641,2
520,767,2006-06-06 08:03:02,0101000020110F0000D36BD4B91BC6324142C8BF15940F5641,2
521,767,2006-06-06 20:00:54,0101000020110F0000F8B715C087C632414E8A24549A0F5641,2
522,767,2006-06-07 00:00:54,0101000020110F0000CCF31A45A3C732412191B66A9A0F5641,2
523,767,2006-06-07 12:02:22,0101000020110F0000458DF8C13DC7324167D19C4BDF0F5641,2
524,767,2006-06-07 20:01:24,0101000020110F00007EC57DF189C632414F1281C58A0F5641,2
525,767,2006-06-08 00:00:54,0101000020110F0000BDA1747F24C632413DB74EFB9C0F5641,2
526,767,2006-06-08 04:00:55,0101000020110F0000998466AC5EC6324195B63C025A0F5641,2
527,767,2006-06-08 20:01:18,0101000020110F000094F879C394C6324102A343065C0F5641,2
529,767,2006-06-09 04:01:58,0101000020110F0000A5C9BDA3A5C6324159ED6D684A0F5641,2
531,767,2006-06-09 20:00:54,0101000020110F0000BFA573E3E4C43241187255A7420F5641,2
532,767,2006-06-10 00:01:42,0101000020110F00009BC10839AFC53241F573B9359F0F5641,2
533,767,2006-06-10 12:01:45,0101000020110F00000F99765513C7324128737F66AF0F5641,2
534,767,2006-06-10 16:02:46,0101000020110F0000F08FEFDC28C73241752943BBE70F5641,2
535,767,2006-06-10 20:01:11,0101000020110F0000E9FF87D278C632419CEFB147620F5641,2
536,767,2006-06-11 00:01:25,0101000020110F0000107DF34E60C532416085E5D16A0F5641,2
537,767,2006-06-11 04:00:54,0101000020110F0000AEE928B302C53241A69798056E0F5641,2
538,767,2006-06-11 08:02:15,0101000020110F0000FFC25D2C71C53241054197412E0F5641,2
539,767,2006-06-11 16:02:25,0101000020110F0000BDFA991228C73241FDA32D5AC20F5641,2
540,767,2006-06-11 20:01:54,0101000020110F0000B0EE923079C632412D8A87B8480F5641,2
541,767,2006-06-12 00:01:39,0101000020110F00005998111BEEC432412666E4FF3A0F5641,2
542,767,2006-06-12 04:02:00,0101000020110F00006C6C9F9F67C632413C5C9F9D5B0F5641,2
543,767,2006-06-12 16:01:48,0101000020110F0000A1A822EA5CC63241AD2D639A450F5641,2
544,767,2006-06-12 20:01:48,0101000020110F000093603F2DC0C532418B4C67674A0F5641,2
545,767,2006-06-13 00:00:54,0101000020110F00003E3DD737DCC53241E0688507560F5641,2
546,767,2006-06-13 04:01:23,0101000020110F00004F5BE19555C33241586939EDDE0F5641,2
547,767,2006-06-13 12:02:34,0101000020110F00002731E7B043C732417C50A92EE90F5641,2
548,767,2006-06-13 16:01:11,0101000020110F0000C6B976FBE5C632412660CBB3580F5641,2
549,767,2006-06-13 20:00:54,0101000020110F00009DD565A045C632415F3CC9C2550F5641,2
552,767,2006-06-14 20:02:29,0101000020110F0000689D0A643EC63241F29B00F64A0F5641,2
553,767,2006-06-15 00:01:24,0101000020110F00006364A81384C632413959F0FC990F5641,2
554,767,2006-06-15 12:02:12,0101000020110F0000C949F6333EC732415B108272E30F5641,2
555,767,2006-06-15 20:01:53,0101000020110F00000A89EE5EF8C5324158439C32490F5641,2
556,767,2006-06-16 00:00:42,0101000020110F00008C678E9EF4C532413B04C8FE630F5641,2
557,767,2006-06-16 04:03:01,0101000020110F00005A5FA88E96C732412D11A0C6A80F5641,2
463,767,2006-05-23 00:01:38,0101000020110F00004EFCC55BBCC53241E58918823D0F5641,2
462,767,2006-05-22 20:01:11,0101000020110F000042E5462759C732413FA86A3E800F5641,2
561,767,2006-06-17 04:01:24,0101000020110F0000343FE5D5C7C53241C857A789760F5641,2
562,767,2006-06-17 20:01:50,0101000020110F0000B5988E97B0C53241EAE76E99500F5641,2
563,767,2006-06-18 00:02:23,0101000020110F00001B5BB659F9C53241E6AC91D24B0F5641,2
565,767,2006-06-18 08:01:49,0101000020110F00005018B5001CC53241863FBD52410F5641,2
566,767,2006-06-18 16:02:53,0101000020110F00005B58DC8CAAC73241EE0F8E2BD40F5641,2
567,767,2006-06-18 20:01:24,0101000020110F0000B6B3B776B8C63241AC9FA92B500F5641,2
568,767,2006-06-19 00:01:24,0101000020110F0000E4A18CADCCC5324187C547A85E0F5641,2
569,767,2006-06-19 08:02:21,0101000020110F0000F5B6FC70B2C63241BEE38E021F105641,2
570,767,2006-06-19 12:01:15,0101000020110F0000F9B6E4420AC73241729048B411105641,2
571,767,2006-06-19 16:02:10,0101000020110F00005247A612D5C63241C6868F49DF0F5641,2
572,767,2006-06-19 20:01:47,0101000020110F0000789A8AFA79C5324167591CAD660F5641,2
573,767,2006-06-20 00:00:53,0101000020110F000094AF78972EC432412CB1FA5A340F5641,2
575,767,2006-06-20 16:02:24,0101000020110F0000B16A73E04DC73241FF60FDBEB80F5641,2
576,767,2006-06-20 20:00:56,0101000020110F00007672233F45C53241521FF1BA330F5641,2
577,767,2006-06-21 00:01:24,0101000020110F0000937C9913C0C53241C92824E0520F5641,2
578,767,2006-06-21 16:02:26,0101000020110F0000E77DF32676C73241BCED1DDCD00F5641,2
579,767,2006-06-21 20:02:04,0101000020110F00003A7758CAF1C43241FF9CDD96370F5641,2
580,767,2006-06-22 00:00:53,0101000020110F00008574FCD671C432416C6905BC260F5641,2
583,767,2006-06-23 04:03:03,0101000020110F000086EBEEC6F5C53241CA3EC063DD0E5641,2
584,767,2006-06-23 20:02:55,0101000020110F0000B1259AC2D5C4324109AE8B91480F5641,2
586,767,2006-06-24 08:01:50,0101000020110F00007CB506ED79C73241E58CB43AC90F5641,2
587,767,2006-06-24 20:01:24,0101000020110F0000C73814A0F2C432417511F0BFFE0E5641,2
589,767,2006-06-25 16:02:08,0101000020110F00005ADEB07443C63241C8A6472E870F5641,2
590,767,2006-06-25 20:00:51,0101000020110F000062A5DDEF62C632418354C848530F5641,2
591,767,2006-06-26 00:01:24,0101000020110F000038567B6541C632411FB58FAA580F5641,2
592,767,2006-06-26 20:01:24,0101000020110F000090824C3C5CC63241010038A34F0F5641,2
593,767,2006-06-27 00:01:46,0101000020110F000039B1EA4E12C632419B23274B580F5641,2
594,767,2006-06-27 04:01:58,0101000020110F0000F04BC3F953C6324164A169585A0F5641,2
595,767,2006-06-27 16:02:16,0101000020110F0000E76CA6C70FC5324107293815340F5641,2
596,767,2006-06-27 20:02:08,0101000020110F00002D02086427C532415E8C79B94A0F5641,2
597,767,2006-06-28 00:01:38,0101000020110F00004477FFC373C4324171442FB97B0F5641,2
598,767,2006-06-28 20:02:15,0101000020110F00000FFBF3D742C632417B71DC48510F5641,2
599,767,2006-06-29 04:01:53,0101000020110F00008ADCBA0400C6324151E335713C0F5641,2
600,767,2006-06-29 20:00:55,0101000020110F0000D522A25ED3C63241387BEF17560F5641,2
601,767,2006-06-30 00:01:51,0101000020110F0000C8AF069076C63241DC8BBF5F560F5641,2
602,767,2006-06-30 04:02:23,0101000020110F0000BB43CC6D70C63241E06D16AD590F5641,2
603,767,2006-06-30 08:01:47,0101000020110F000057A23F6570C632411B16DF7F5B0F5641,2
604,767,2006-06-30 20:00:49,0101000020110F0000B5D46AE823C632418D81D2684D0F5641,2
605,767,2006-07-01 00:00:47,0101000020110F000067FD3D1A1BC63241FC20E899510F5641,2
607,767,2006-07-01 12:01:24,0101000020110F00004C67AB760BC73241C689B1E2AD0F5641,2
608,767,2006-07-01 20:01:47,0101000020110F000049C5D68182C63241D8C92AE1520F5641,2
609,767,2006-07-02 00:00:53,0101000020110F000002E66B5C3AC632416648D740670F5641,2
611,767,2006-07-02 20:01:24,0101000020110F0000A6530DAD24C63241FFA340D2530F5641,2
612,767,2006-07-03 00:01:55,0101000020110F0000A537B3C624C6324120AC109A4D0F5641,2
657,767,2006-07-19 04:00:54,0101000020110F00005451407189C632414322270A9E0F5641,2
614,767,2006-07-03 20:00:55,0101000020110F0000C6C530BD22C632412C76A6C9500F5641,2
615,767,2006-07-04 04:01:41,0101000020110F0000182034A6B6C63241B63A0EC45C0F5641,2
616,767,2006-07-04 12:02:12,0101000020110F000030ED1FA603C732412397C5B9A90F5641,2
617,767,2006-07-04 16:02:32,0101000020110F0000C31D3D0151C73241C36ECE53B70F5641,2
618,767,2006-07-04 20:01:35,0101000020110F0000DCF404813FC63241DB359F8E510F5641,2
619,767,2006-07-05 00:01:41,0101000020110F0000B14FDF352BC63241A888F8FD500F5641,2
620,767,2006-07-06 08:01:27,0101000020110F00004E946BBDABC63241A7E03672560F5641,2
621,767,2006-07-06 12:02:24,0101000020110F0000DFBFDC7995C632418F7F0FA94A0F5641,2
622,767,2006-07-06 16:02:56,0101000020110F00008F7BEB058BC63241E12004D24C0F5641,2
623,767,2006-07-06 20:00:53,0101000020110F000038FAF3FF2CC432416569CA6D2C0F5641,2
624,767,2006-07-07 04:01:23,0101000020110F00002FE600911FC632412FF5D6EE3D0F5641,2
625,767,2006-07-07 08:01:54,0101000020110F00001877E64CB4C6324166AF2B6A450F5641,2
626,767,2006-07-07 20:01:49,0101000020110F0000D10EF2E344C53241B9991D24670F5641,2
628,767,2006-07-08 04:01:42,0101000020110F000025890CF6ABC53241FE612E89590F5641,2
629,767,2006-07-09 20:01:48,0101000020110F00007E4BE79782C43241DBB745E7170F5641,2
630,767,2006-07-10 00:00:54,0101000020110F000001C98DE5C4C53241AEC55FA94F0F5641,2
631,767,2006-07-10 08:03:11,0101000020110F0000EBBBAE029CC63241BBEB1194490F5641,2
633,767,2006-07-10 20:01:54,0101000020110F0000DBF380664FC63241E14CA5615A0F5641,2
634,767,2006-07-11 00:02:54,0101000020110F0000AB9EC4B90FC6324197CBA3795D0F5641,2
635,767,2006-07-11 04:01:38,0101000020110F000047F807D0D1C732414E190B44900F5641,2
636,767,2006-07-11 12:01:48,0101000020110F0000896FB43D11C73241F69ABFF9AE0F5641,2
637,767,2006-07-11 20:01:49,0101000020110F000001CB005C45C6324111ED9941530F5641,2
638,767,2006-07-12 00:01:42,0101000020110F00008ECA4D1A27C6324150F8F4543D0F5641,2
639,767,2006-07-12 04:03:06,0101000020110F000034C488B668C53241606B40E3380F5641,2
640,767,2006-07-12 08:02:41,0101000020110F0000CC32DDAA01C73241E79283E7A60F5641,2
641,767,2006-07-12 12:02:26,0101000020110F000057E3322062C7324125920B4CCD0F5641,2
642,767,2006-07-13 00:01:24,0101000020110F00003312258F27C632415D2B69924C0F5641,2
643,767,2006-07-13 20:03:10,0101000020110F00001E7918EB5EC63241D15E5C565A0F5641,2
644,767,2006-07-14 00:01:11,0101000020110F00004B46E71295C53241C3482D0F4A0F5641,2
645,767,2006-07-14 04:02:11,0101000020110F000024FA8C0BEFC73241F0468F567F0F5641,2
646,767,2006-07-14 16:02:40,0101000020110F0000CFA35E93D6C632414AA8EE2AC40F5641,2
647,767,2006-07-14 20:01:47,0101000020110F0000C5A9D6D622C6324149332F8F430F5641,2
649,767,2006-07-15 08:02:57,0101000020110F00003DD243E76DC73241077D884CCE0F5641,2
650,767,2006-07-15 12:02:14,0101000020110F0000DB8B26C83EC7324177176296BB0F5641,2
651,767,2006-07-16 20:01:07,0101000020110F0000268FA7F09FC6324190ED6321990F5641,2
652,767,2006-07-17 00:00:55,0101000020110F0000E51BFAE620C6324160F3A04E770F5641,2
653,767,2006-07-17 08:03:01,0101000020110F000063ED31E125C73241F03A9328D00F5641,2
559,767,2006-06-16 20:01:53,0101000020110F0000822DC0EB6CC5324181A866913F0F5641,2
658,767,2006-07-19 20:01:21,0101000020110F00008E4B0B9841C432419CE1024E7A0F5641,2
659,767,2006-07-20 00:01:28,0101000020110F0000D964098BC1C3324131787D0F4F0F5641,2
660,767,2006-07-20 04:00:54,0101000020110F0000588110C059C432416D2636EC740F5641,2
662,767,2006-07-23 00:01:57,0101000020110F0000B454200974C6324161F1E335BD0F5641,2
663,767,2006-07-23 08:02:23,0101000020110F00004627E8EF7FC73241F81F7656F30F5641,2
664,767,2006-07-24 08:02:52,0101000020110F0000AB093F0944C732411986151115105641,2
665,767,2006-07-24 16:03:05,0101000020110F00005EEE386B5EC73241CB85AB88B60F5641,2
666,767,2006-07-25 00:03:05,0101000020110F0000B824A4A02DC73241745A3901F70F5641,2
667,767,2006-07-25 08:02:18,0101000020110F00000960140559C732410FFD689F08105641,2
668,767,2006-07-26 00:01:52,0101000020110F00006DA6C6586DC73241011AC25C06105641,2
669,767,2006-07-28 12:01:50,0101000020110F0000F62FA4F8A3C73241C1D01B4AF50F5641,2
670,767,2006-07-29 00:02:22,0101000020110F0000994C70BE71C73241C3469D1C26105641,2
671,767,2006-07-29 08:02:55,0101000020110F0000F5B10EB161C73241705E1CFB0F105641,2
672,767,2006-07-29 12:02:27,0101000020110F0000D14753616DC732417D8A8CC904105641,2
673,767,2006-07-30 00:02:41,0101000020110F00003129FCF676C7324138DC24DA17105641,2
674,767,2006-07-30 20:01:19,0101000020110F0000CA4075245FC7324172670D940C105641,2
675,767,2006-07-31 00:01:23,0101000020110F00004C03BB7D5BC732411C3AA2A90A105641,2
676,767,2006-07-31 12:02:45,0101000020110F00003E396D0801C73241D7C54AC6F30F5641,2
677,767,2006-07-31 16:02:53,0101000020110F0000B94182A11DC73241E175E223D30F5641,2
679,767,2006-08-02 20:02:57,0101000020110F000074DB95E313C632413BED40DEB90F5641,2
680,767,2006-08-03 00:02:12,0101000020110F0000E5160C27D0C632412C8DCAE0BA0F5641,2
681,767,2006-08-03 04:02:26,0101000020110F00005D2230F58AC73241809C8F2CAE0F5641,2
683,767,2006-08-04 00:01:53,0101000020110F000038F350A86EC532413B27C9BA140F5641,2
684,767,2006-08-06 12:02:15,0101000020110F00003706539F42C73241C50AEF1C12105641,2
685,767,2006-08-07 04:02:18,0101000020110F0000B097E0897BC63241FC14CBF26F105641,2
688,767,2006-08-08 08:01:53,0101000020110F0000BB2D0D8264C732419F6378E00D105641,2
689,767,2006-08-08 12:03:01,0101000020110F00004DF611608EC73241CACCBDA600105641,2
690,767,2006-08-08 20:01:24,0101000020110F0000B19AD79071C7324174002DE72B105641,2
691,767,2006-08-09 20:01:55,0101000020110F0000DEEEBC9943C6324151B94B4848105641,2
693,767,2006-08-11 00:02:22,0101000020110F0000E4AC80332CC632410396BB7632105641,2
694,767,2006-08-11 04:01:32,0101000020110F000047844E0831C6324193B29EF5D60F5641,2
695,767,2006-08-11 08:01:51,0101000020110F0000E5741F7A24C73241848B4FFDAF0F5641,2
696,767,2006-08-11 12:01:42,0101000020110F0000F5B8B10820C6324178EFEA7809105641,2
697,767,2006-08-11 20:03:08,0101000020110F0000D57BC7F1D6C7324105F63BC7940F5641,2
698,767,2006-08-12 00:01:18,0101000020110F00001E1439961EC6324103D89B6D800F5641,2
699,767,2006-08-12 04:02:24,0101000020110F00006030879612C7324181A77B6303105641,2
700,767,2006-08-12 20:02:14,0101000020110F0000A092CEC96BC7324110D39BE024105641,2
701,767,2006-08-13 04:03:10,0101000020110F0000869C4A916CC73241B6AE855F18105641,2
702,767,2006-08-13 08:01:51,0101000020110F00006749BA8F51C73241734CB32A17105641,2
704,767,2006-08-13 20:01:15,0101000020110F0000209F0C3013C6324149157F7DB20F5641,2
705,767,2006-08-14 00:03:04,0101000020110F00006802EAB87EC6324178E73750A50F5641,2
706,767,2006-08-14 12:02:53,0101000020110F0000F5C3636D92C73241E082EC45F90F5641,2
707,767,2006-08-14 20:01:55,0101000020110F00001907137214C632412C8DCAE0BA0F5641,2
708,767,2006-08-15 04:03:06,0101000020110F0000F750EC9EF4C6324136F4035103105641,2
709,767,2006-08-15 20:00:54,0101000020110F00005994A7758DC53241D24B33D4800F5641,2
710,767,2006-08-16 00:31:23,0101000020110F00005362119D44C63241B25E1292B00F5641,2
711,767,2006-08-16 01:00:54,0101000020110F0000FC262432DCC53241624FB9B6780F5641,2
712,767,2006-08-16 01:31:58,0101000020110F0000FD6B16518EC532419320F704800F5641,2
713,767,2006-08-16 02:01:08,0101000020110F0000EDFB89B7CFC53241BD9DAFCF7D0F5641,2
715,767,2006-08-16 04:32:32,0101000020110F00009815EDF869C632415533E95AE30F5641,2
716,767,2006-08-16 05:00:30,0101000020110F000070EB4D367FC632413406690BCD0F5641,2
754,767,2006-08-20 00:01:53,0101000020110F0000EC05D18C06C432414C7E1718520F5641,2
718,767,2006-08-16 06:00:46,0101000020110F000023D986868BC732417522FF84B90F5641,2
719,767,2006-08-16 07:01:12,0101000020110F000040DBACC8A4C7324192A159EAC10F5641,2
720,767,2006-08-16 07:32:28,0101000020110F000020102204B6C732412B462382C40F5641,2
721,767,2006-08-16 08:01:18,0101000020110F0000BA20CF2FB2C73241C655829FBF0F5641,2
722,767,2006-08-16 08:33:07,0101000020110F00003369958ABDC7324190B6B952B90F5641,2
723,767,2006-08-16 09:32:46,0101000020110F0000E3E03512F1C732419140E872BE0F5641,2
725,767,2006-08-16 11:02:20,0101000020110F00006FE5993A51C832418A0B9964BC0F5641,2
726,767,2006-08-16 11:31:41,0101000020110F00005542A09A61C83241B2248889BC0F5641,2
727,767,2006-08-16 12:01:47,0101000020110F0000F507905067C832418E618870B70F5641,2
728,767,2006-08-16 12:32:00,0101000020110F000008A083A55AC832413B40E88FB40F5641,2
729,767,2006-08-16 13:31:41,0101000020110F0000A286A93C14C83241FA78CFEDC60F5641,2
730,767,2006-08-16 14:31:45,0101000020110F0000EE15ABC387C83241D64EF99E9C0F5641,2
731,767,2006-08-16 15:02:37,0101000020110F00009047B25A71C73241FB9F51ACAD0F5641,2
732,767,2006-08-16 15:31:50,0101000020110F00001A2B7BC988C73241700A2991AC0F5641,2
733,767,2006-08-16 16:33:08,0101000020110F00006DC6484D5BC7324170E39C0DB40F5641,2
734,767,2006-08-16 17:02:57,0101000020110F0000D78F667A5AC73241F01D71CAB20F5641,2
735,767,2006-08-16 17:32:24,0101000020110F0000A33C357243C73241AD836881960F5641,2
737,767,2006-08-16 18:31:16,0101000020110F000097DFEDC3D7C532419CC352CE870F5641,2
738,767,2006-08-16 19:01:35,0101000020110F0000B3F8C14D8DC532412457F7ED600F5641,2
739,767,2006-08-16 19:30:38,0101000020110F0000EB824DFBF8C43241F91CCEE4440F5641,2
740,767,2006-08-16 20:00:56,0101000020110F00002313320CE6C53241902D2E27400F5641,2
741,767,2006-08-16 20:30:42,0101000020110F00004C112AD705C632410CB7F6F63F0F5641,2
742,767,2006-08-16 21:01:02,0101000020110F000074728E80E5C53241F1E744243C0F5641,2
743,767,2006-08-16 21:31:47,0101000020110F00000D4EE93B6DC63241A9FDAF3B5A0F5641,2
744,767,2006-08-16 22:01:10,0101000020110F00003003DF0795C63241C11FDDC5550F5641,2
746,767,2006-08-16 23:00:45,0101000020110F0000849CF77D74C6324194C55624610F5641,2
747,767,2006-08-16 23:30:25,0101000020110F0000179471B031C63241C5DB5026630F5641,2
748,767,2006-08-17 00:00:42,0101000020110F00003C0B6B52D8C5324164CDA74F860F5641,2
749,767,2006-08-17 20:01:53,0101000020110F0000336FF672F3C43241F5FC65B9590F5641,2
750,767,2006-08-18 20:01:29,0101000020110F000068CBFB275CC53241C65474EB7B0F5641,2
751,767,2006-08-19 00:01:23,0101000020110F0000C0B26F9E24C532412D5B4A706E0F5641,2
656,767,2006-07-19 00:01:41,0101000020110F0000B3F5467A42C7324151033C55FD0F5641,2
755,767,2006-08-20 04:01:40,0101000020110F0000E3D3CE1511C7324172C929CE600F5641,2
756,767,2006-08-20 20:01:23,0101000020110F00007834E5695CC63241EDA0101D560F5641,2
757,767,2006-08-21 00:01:12,0101000020110F0000F58D7D393AC432416997C6A9450F5641,2
759,767,2006-08-21 20:01:24,0101000020110F00006B7948BD34C6324197CBE3C9570F5641,2
760,767,2006-08-22 00:01:51,0101000020110F00000A157742BFC23241F6EB0EE17F0F5641,2
762,767,2006-08-23 00:00:54,0101000020110F00006EFD4FDFB7C53241260AA15B720F5641,2
763,767,2006-08-23 04:03:05,0101000020110F00001D867FE73EC73241E4C9A2B6AB0F5641,2
764,767,2006-08-23 16:03:06,0101000020110F000018E688AAD6C73241ABE2154910105641,2
765,767,2006-08-23 20:00:47,0101000020110F0000EDE357DFBDC53241EF18E2554C0F5641,2
766,767,2006-08-24 04:01:11,0101000020110F00005AD660E2E1C53241205B7948860F5641,2
767,767,2006-08-24 16:03:07,0101000020110F000051281304F2C6324125E7E382BB0F5641,2
768,767,2006-08-24 20:01:33,0101000020110F0000AA6C2FB458C432417409A88F440F5641,2
769,767,2006-08-25 00:01:11,0101000020110F0000C680D3D255C63241C7BA9BEF500F5641,2
770,767,2006-08-25 04:02:28,0101000020110F00008FD5D6D46BC632412B3BF5A9A60F5641,2
771,767,2006-08-25 08:01:53,0101000020110F000030FEAE2657C832413976D6B2DA0F5641,2
772,767,2006-08-25 20:00:48,0101000020110F0000E82E68F226C63241E74A2FF7530F5641,2
773,767,2006-08-26 00:01:22,0101000020110F00007D48AEE524C53241AAB5F0EC600F5641,2
774,767,2006-08-26 04:01:47,0101000020110F0000D72A87AF94C63241BF4D98D34B0F5641,2
775,767,2006-08-26 08:02:18,0101000020110F0000EEE4572D59C832413FCC7942F20F5641,2
776,767,2006-08-26 16:01:45,0101000020110F00003E861A852FC73241EF1D731709105641,2
777,767,2006-08-26 20:01:00,0101000020110F0000A63451F413C532413B13FFA83F0F5641,2
778,767,2006-08-27 00:02:41,0101000020110F00005C2469CFD2C4324149241B8C5D0F5641,2
780,767,2006-08-27 16:02:21,0101000020110F00007E4E07BF2BC732414A9125F6EC0F5641,2
781,767,2006-08-27 20:01:46,0101000020110F00004459AE2419C6324151A6EEA6590F5641,2
782,767,2006-08-28 00:02:22,0101000020110F000064D51880D3C432413FCEEEC7620F5641,2
784,767,2006-08-28 20:01:40,0101000020110F00005E6FB4C78BC63241D72788FE5C0F5641,2
785,767,2006-08-29 00:01:54,0101000020110F00007254EACD92C63241FE01DED15D0F5641,2
786,767,2006-08-29 04:01:13,0101000020110F00002DB06C27A8C5324198CA9159810F5641,2
787,767,2006-08-29 08:02:29,0101000020110F000091751FDCB4C83241CE0A5CC7F10F5641,2
788,767,2006-08-30 08:02:06,0101000020110F0000BF085C7FCAC63241EF948C79BF0F5641,2
789,767,2006-08-30 16:03:04,0101000020110F000005D1C5497EC6324190FE9382F30F5641,2
792,767,2006-08-31 08:03:05,0101000020110F00001B42BE450AC73241360CFAAFE70F5641,2
793,767,2006-08-31 20:00:53,0101000020110F0000E433978A4DC63241F70F5874540F5641,2
794,767,2006-09-01 00:01:25,0101000020110F0000AAF3872C67C3324166941912770F5641,2
795,767,2006-09-01 04:00:53,0101000020110F00002133616361C53241F146C702840F5641,2
797,767,2006-09-01 20:01:26,0101000020110F0000B6C54EDE50C532416AC2363E5B0F5641,2
798,767,2006-09-02 04:00:54,0101000020110F00002E503971CBC5324167D8E26F6B0F5641,2
799,767,2006-09-02 12:02:40,0101000020110F0000FE85797E33C73241299E2BC6F90F5641,2
801,767,2006-09-03 04:00:48,0101000020110F00007A2B3BB04FC53241F7FD2156600F5641,2
802,767,2006-09-03 20:00:48,0101000020110F0000B850E05658C63241B3ED1567520F5641,2
803,767,2006-09-04 00:00:54,0101000020110F00006A085C93BFC532416A691125690F5641,2
804,767,2006-09-04 04:01:43,0101000020110F000014A5AD1D8DC63241EF942782550F5641,2
805,767,2006-09-04 20:03:05,0101000020110F00005F47B92089C4324199EC46D8250F5641,2
806,767,2006-09-05 00:01:47,0101000020110F0000FAD5FB1D42C43241832FEDE0740F5641,2
807,767,2006-09-05 04:03:07,0101000020110F00009D99472EE5C63241390880A9B60F5641,2
808,767,2006-09-05 16:02:43,0101000020110F00009B010D9810C632415227438628105641,2
809,767,2006-09-05 20:01:53,0101000020110F00009316F482A2C63241762BF615540F5641,2
810,767,2006-09-06 00:01:24,0101000020110F00009EDE394D97C632411134C76C5E0F5641,2
811,767,2006-09-06 04:02:39,0101000020110F00009186097F2FC63241207C4939800F5641,2
812,767,2006-09-06 20:01:41,0101000020110F0000178CDFFCE2C6324127E64DD4530F5641,2
813,767,2006-09-07 00:01:42,0101000020110F000005A1610FE0C632411A0DA6675E0F5641,2
814,767,2006-09-07 16:02:16,0101000020110F0000A02DEF742BC732410F9D3D2208105641,2
815,767,2006-09-07 20:00:48,0101000020110F0000DD9198A27FC6324124D4AB3C960F5641,2
816,767,2006-09-08 00:02:01,0101000020110F000047DE62813FC73241EC2EF3F5660F5641,2
817,767,2006-09-08 04:00:55,0101000020110F00006C34EBD267C632414FDC1C8D990F5641,2
819,767,2006-09-09 00:01:42,0101000020110F00009245D4A250C6324188A4901B550F5641,2
820,767,2006-09-09 04:00:55,0101000020110F0000D3FCAD191FC732411CD98F05610F5641,2
851,767,2006-09-18 12:02:24,0101000020110F00007F11B845D3C8324104D1C912DA0F5641,2
823,767,2006-09-10 16:02:10,0101000020110F0000A69584F88BC73241FA6B094B39105641,2
824,767,2006-09-10 20:01:24,0101000020110F0000506520D2E2C63241462EB2F25D0F5641,2
825,767,2006-09-11 00:02:08,0101000020110F00008057F46CB7C4324105B3139B120F5641,2
826,767,2006-09-11 04:02:24,0101000020110F0000A8B83F155DC73241E0B7E348E60F5641,2
827,767,2006-09-11 16:02:56,0101000020110F0000B40AD55E56C732413C442B710C105641,2
828,767,2006-09-11 20:01:18,0101000020110F00003486B5AC9AC6324107A1D553590F5641,2
829,767,2006-09-12 00:00:54,0101000020110F0000B29FC5DA3CC632412A5DB260580F5641,2
830,767,2006-09-12 04:03:04,0101000020110F0000CF854F1569C7324128388606D80F5641,2
831,767,2006-09-12 20:00:53,0101000020110F00006E7DC3DE1AC73241E1ABC8AC610F5641,2
832,767,2006-09-13 00:01:44,0101000020110F00002F92B0BC32C73241E3D11911950F5641,2
833,767,2006-09-13 04:00:54,0101000020110F00009CCE046A74C63241C81A5E7D940F5641,2
834,767,2006-09-13 20:03:07,0101000020110F000040F9FD67FFC53241C9FF091C560F5641,2
835,767,2006-09-14 00:00:54,0101000020110F0000C7DABEA136C63241F0F902E4580F5641,2
836,767,2006-09-14 04:02:08,0101000020110F0000342BDB8129C63241142BFC8E7F0F5641,2
837,767,2006-09-14 08:01:40,0101000020110F0000D5571D7975C73241282355EB08105641,2
838,767,2006-09-14 12:02:53,0101000020110F0000BA24F73DA0C73241B0C725E80E105641,2
839,767,2006-09-14 20:01:27,0101000020110F0000F172A69A98C63241B52E5C7A3E0F5641,2
841,767,2006-09-15 04:02:20,0101000020110F0000E877AB3F7AC73241A5745FBAA60F5641,2
843,767,2006-09-16 00:00:47,0101000020110F00002E0D4FFD7EC63241DA6443EA630F5641,2
844,767,2006-09-16 04:00:55,0101000020110F0000CEFDF6C444C63241D05C6952560F5641,2
845,767,2006-09-16 08:03:02,0101000020110F00003F30ECF821C73241641B1D1AD40F5641,2
846,767,2006-09-17 00:00:55,0101000020110F0000584B8D48EDC5324195ED6861460F5641,2
847,767,2006-09-17 04:01:45,0101000020110F0000F1A0553DC9C6324150786044410F5641,2
848,767,2006-09-17 20:01:43,0101000020110F000088B500846EC73241FCC07CA5810F5641,2
753,767,2006-08-19 20:00:42,0101000020110F00000005D50153C63241B15192C9520F5641,2
852,767,2006-09-18 20:00:54,0101000020110F0000EF01784F36C73241B33B0D84590F5641,2
853,767,2006-09-19 20:01:49,0101000020110F0000062CB97529C43241ADC66D643B0F5641,2
854,767,2006-09-20 00:01:45,0101000020110F00009DE8C2B940C432419F7740A7440F5641,2
856,767,2006-09-20 12:03:04,0101000020110F0000C1ED4392CDC7324172C1FCA32A105641,2
857,767,2006-09-20 20:01:12,0101000020110F0000C02E796EACC73241210CB2EEA60F5641,2
858,767,2006-09-21 00:01:05,0101000020110F0000C931C45B2CC73241DDA30EEC4F0F5641,2
859,767,2006-09-21 04:01:12,0101000020110F0000C7A6F0C137C7324106E2CC64580F5641,2
860,767,2006-09-21 12:02:18,0101000020110F0000D2B7BBFA6CC7324108997F5206105641,2
861,767,2006-09-21 16:01:21,0101000020110F0000898D819A91C73241AF2AF540F10F5641,2
862,767,2006-09-22 00:00:49,0101000020110F000064EA8DED27C73241B478EB41580F5641,2
863,767,2006-09-22 04:01:45,0101000020110F0000CC15524784C73241FFFAF026600F5641,2
864,767,2006-09-22 20:00:55,0101000020110F0000A1A47EA8C3C332415BD9B44A250F5641,2
866,767,2006-09-23 04:02:36,0101000020110F0000121547E66EC3324192F5A9D53E0F5641,2
867,767,2006-09-23 08:01:53,0101000020110F0000AFFF21B1CCC732412DA40D56EE0F5641,2
868,767,2006-09-23 20:01:54,0101000020110F0000BE9F7DC6C9C73241CE8E73E0A20F5641,2
869,767,2006-09-24 00:01:12,0101000020110F00004A5B9EA1D6C63241AE0503E1490F5641,2
870,767,2006-09-24 04:01:19,0101000020110F00006C1A0463E8C63241AB5BDCCB4C0F5641,2
871,767,2006-09-24 20:00:48,0101000020110F0000B3ACC10B02C732410162DA26480F5641,2
872,767,2006-09-25 00:00:48,0101000020110F00001B5E182C0AC732412D0A1A004F0F5641,2
873,767,2006-09-25 04:01:11,0101000020110F00004CDC6C11FCC6324106DD3B3F4E0F5641,2
874,767,2006-09-25 08:03:06,0101000020110F00001783870DB7C83241717D92F5D80F5641,2
875,767,2006-09-25 16:01:24,0101000020110F0000E1127804B0C83241C6526293E10F5641,2
877,767,2006-09-26 00:01:43,0101000020110F00008A6C104A13C732416EC3C714580F5641,2
878,767,2006-09-26 04:01:18,0101000020110F0000060DA29AF1C632419DD438E6470F5641,2
879,767,2006-09-26 20:01:48,0101000020110F0000655E602C88C6324121E6F1D45D0F5641,2
880,767,2006-09-27 00:00:54,0101000020110F0000543A16F641C43241FC55DFA03D0F5641,2
881,767,2006-09-27 04:02:35,0101000020110F0000BFA99BF1D2C43241388E6F62460F5641,2
882,767,2006-09-27 20:02:51,0101000020110F00002BCFAC2293C4324120D5CDD8560F5641,2
883,767,2006-09-28 00:01:44,0101000020110F00005572CAC241C432415EFF8550450F5641,2
884,767,2006-09-28 04:02:10,0101000020110F000052F8C7CA8DC4324103D087C45D0F5641,2
885,767,2006-09-28 20:00:54,0101000020110F00000172991DDAC63241689B7469570F5641,2
886,767,2006-09-29 00:01:24,0101000020110F000087DE45A928C63241024403D8500F5641,2
888,767,2006-09-29 20:01:55,0101000020110F00004C5556BADAC63241C1937107580F5641,2
889,767,2006-09-30 08:02:52,0101000020110F00009D9FE228D9C73241EF8DA36903105641,2
890,767,2006-09-30 16:02:12,0101000020110F0000DE21831C78C732414FD6205B0B105641,2
891,767,2006-09-30 20:00:49,0101000020110F0000322BCA8F1EC43241FAE1D4A8430F5641,2
892,767,2006-10-01 16:03:03,0101000020110F0000EE3B4CF543C732418810F6D5D00F5641,2
893,767,2006-10-02 00:01:35,0101000020110F00009F3F0A9523C432416031761A4A0F5641,2
896,767,2006-10-03 04:00:53,0101000020110F000081A1FD6B6DC532412C96C909200F5641,2
898,767,2006-10-04 00:01:30,0101000020110F000087DBA1B52AC63241E25C205D820F5641,2
899,767,2006-10-04 04:00:39,0101000020110F00008A8B27254BC43241FD5DA94F410F5641,2
900,767,2006-10-05 00:02:52,0101000020110F0000CD9F2593DDC432419158F9125F0F5641,2
902,767,2006-10-05 12:03:11,0101000020110F00005B7D75619CC83241F4CD8B61FD0F5641,2
903,767,2006-10-05 16:03:11,0101000020110F0000269542EB93C73241B15A6E6103105641,2
904,767,2006-10-05 20:01:23,0101000020110F00000EEBD77FD4C23241EDF634DE360F5641,2
905,767,2006-10-06 00:02:53,0101000020110F0000E5FFE1210EC53241B92FAB4E340F5641,2
906,767,2006-10-06 08:03:00,0101000020110F00004DE582DF3AC6324190C4263BE10F5641,2
907,767,2006-10-06 20:01:25,0101000020110F00005480391CECC23241BCC316AF680F5641,2
908,767,2006-10-07 00:01:19,0101000020110F0000CC8F856E1AC432413539E30F9B0F5641,2
909,767,2006-10-07 04:00:49,0101000020110F0000DF2D56DFEEC332418F3203BC920F5641,2
910,767,2006-10-08 00:02:41,0101000020110F00008AE02434DBC432411E1C87A5630F5641,2
911,767,2006-10-08 04:01:18,0101000020110F0000395EE4F8DCC33241BEA6A6C3840F5641,2
912,767,2006-10-08 16:01:31,0101000020110F0000ACCBC6219DC43241C588EDC15E0F5641,2
913,767,2006-10-08 20:01:50,0101000020110F000072137BDFF5C23241A89818DE450F5641,2
914,767,2006-10-09 00:02:11,0101000020110F0000F9203624F0C33241CC3132D2180F5641,2
915,767,2006-10-09 04:02:42,0101000020110F00001C58963250C332414F97A2BF910F5641,2
916,767,2006-10-09 16:01:41,0101000020110F00000162B7D729C7324177D90E0CF40F5641,2
917,767,2006-10-09 20:00:54,0101000020110F00003E4A9956E3C23241F67587F5560F5641,2
919,767,2006-10-10 04:01:28,0101000020110F00001B41110B67C5324134C37E6BA20F5641,2
920,767,2006-10-10 16:02:22,0101000020110F000083C27FAEF6C732419B07CBD80C105641,2
921,767,2006-10-10 20:00:53,0101000020110F0000FAFB1883A9C53241F2A7970DA30F5641,2
922,767,2006-10-11 00:01:22,0101000020110F000010E8AFBF81C53241A3FA58E96E0F5641,2
924,767,2006-10-11 12:02:54,0101000020110F000084D70D930AC83241FE1CD16BE40F5641,2
925,767,2006-10-11 16:03:02,0101000020110F000043737C935EC8324161FC9339CD0F5641,2
948,767,2006-10-17 00:00:47,0101000020110F00005DEC49C132C43241BA5BC66AA90F5641,2
927,767,2006-10-12 00:00:54,0101000020110F0000FBEE6F65DCC53241DBDE4B24B00F5641,2
928,767,2006-10-12 04:01:17,0101000020110F0000EBBD639A09C63241A1B94EE8AE0F5641,2
929,767,2006-10-12 08:02:24,0101000020110F00008B8739B395C73241F8414C20E90F5641,2
930,767,2006-10-12 20:00:48,0101000020110F0000673E8CF733C332411770075B3F0F5641,2
931,767,2006-10-13 00:01:23,0101000020110F000002BF5F9B42C43241618CA9E9320F5641,2
932,767,2006-10-13 04:01:18,0101000020110F000061C5254818C332413A02386F470F5641,2
933,767,2006-10-13 12:03:04,0101000020110F000086F766DDCAC63241501E3109EA0F5641,2
934,767,2006-10-13 16:03:05,0101000020110F00004B10649B28C7324175F96092F80F5641,2
935,767,2006-10-13 20:02:48,0101000020110F00005E965D5612C33241196589BC820F5641,2
936,767,2006-10-14 00:00:53,0101000020110F00009E95382131C43241D2F8CB378E0F5641,2
937,767,2006-10-14 04:01:12,0101000020110F0000A89A8B4391C33241BE228DB83B0F5641,2
938,767,2006-10-14 12:03:00,0101000020110F0000D73E9179B8C63241B664F626D30F5641,2
940,767,2006-10-14 20:01:12,0101000020110F000076A6F11E44C432419A350274980F5641,2
941,767,2006-10-15 00:02:48,0101000020110F0000CAAC7B9DB2C33241E381CEE15C0F5641,2
942,767,2006-10-15 04:00:44,0101000020110F0000A407D358DBC332417C065877560F5641,2
943,767,2006-10-15 16:02:04,0101000020110F0000AAB530E0BEC63241D7F104A307105641,2
944,767,2006-10-15 20:00:54,0101000020110F00007C84F501B3C532419F0F85C7520F5641,2
850,767,2006-09-18 04:01:24,0101000020110F00006E0802BAAFC7324172A47367A00F5641,2
949,767,2006-10-17 04:00:54,0101000020110F0000AEF68FAFE2C53241610CBAD8580F5641,2
950,767,2006-10-17 12:02:48,0101000020110F00009AD40A3083C73241021B069027105641,2
951,767,2006-10-17 20:01:52,0101000020110F0000423FB6C28EC43241D72788FE5C0F5641,2
953,767,2006-10-18 04:01:24,0101000020110F0000ADA1D4C13FC432417179260E910F5641,2
954,767,2006-10-18 12:02:01,0101000020110F0000AD95BFDDDBC83241D045A2BDD90F5641,2
955,767,2006-10-18 16:01:47,0101000020110F0000C9D4F27760C83241AE981518BF0F5641,2
956,767,2006-10-18 20:01:23,0101000020110F000087557ABA99C63241CB00A9BB8D0F5641,2
957,767,2006-10-19 00:00:54,0101000020110F0000AFFDF0E5B3C53241FEFDB7644D0F5641,2
958,767,2006-10-19 04:01:21,0101000020110F0000FB715E388AC53241170B491B6A0F5641,2
959,767,2006-10-19 16:03:03,0101000020110F00005FC5356791C7324175F46AEA02105641,2
960,767,2006-10-19 20:01:12,0101000020110F0000D35CB825CEC53241098658F14B0F5641,2
961,767,2006-10-20 00:00:49,0101000020110F0000323D1F4C4FC4324114CC79EE8C0F5641,2
962,767,2006-10-20 04:01:03,0101000020110F0000467FE41435C4324198456E92930F5641,2
963,767,2006-10-20 12:01:23,0101000020110F0000560C78451CC6324169B06563D70F5641,2
964,767,2006-10-20 16:00:53,0101000020110F000073927BB673C63241AD3B8E73B90F5641,2
965,767,2006-10-20 20:01:25,0101000020110F0000AF7955D862C432416D6B11ED980F5641,2
966,767,2006-10-21 00:00:49,0101000020110F0000C039C81633C4324104B4652F940F5641,2
967,767,2006-10-21 04:00:48,0101000020110F00006ACD457E29C432415A5DB788920F5641,2
968,767,2006-10-21 20:00:42,0101000020110F0000DEAA90B66EC53241596F0E86950F5641,2
970,767,2006-10-22 04:01:54,0101000020110F00006F294AEA7AC632418CEF51F8890F5641,2
971,767,2006-10-22 08:01:49,0101000020110F00001859D7CE46C73241C3AC42B8FC0F5641,2
972,767,2006-10-22 16:01:51,0101000020110F0000C787F2E739C73241AB950783F60F5641,2
974,767,2006-10-23 00:01:23,0101000020110F00004D795B5563C3324131F45F8BB10F5641,2
975,767,2006-10-23 04:01:24,0101000020110F00000DAE35F383C33241575B525DAD0F5641,2
976,767,2006-10-23 08:02:59,0101000020110F0000E3A94781CEC63241FB2F4632E80F5641,2
977,767,2006-10-23 16:03:05,0101000020110F0000F7F5CF5296C73241E7BE41F2A70F5641,2
978,767,2006-10-23 20:01:11,0101000020110F0000D952308CB6C5324146868D74970F5641,2
979,767,2006-10-24 04:03:06,0101000020110F0000120E62E348C63241F3F7DA70BE0F5641,2
980,767,2006-10-25 00:01:23,0101000020110F0000E963FC0D03C432414BAC8E81FA0E5641,2
981,767,2006-10-25 04:01:23,0101000020110F00007423B0389EC3324132689539F30E5641,2
982,767,2006-10-25 16:03:08,0101000020110F0000CBEA469851C73241564E145201105641,2
983,767,2006-10-25 20:02:04,0101000020110F000037D5412A01C632413AC6DDFC520F5641,2
984,767,2006-10-26 00:01:47,0101000020110F0000320A593FA0C33241A59B6B0BF30E5641,2
985,767,2006-10-26 04:00:54,0101000020110F000090BB4A8713C33241F1975EFD390F5641,2
986,767,2006-10-26 16:01:48,0101000020110F0000D8CE7B7D2BC73241F166CB53F80F5641,2
987,767,2006-10-26 20:01:11,0101000020110F0000EAA3006D64C43241F7C3D303930F5641,2
988,767,2006-10-27 00:01:19,0101000020110F0000321B2A6B5BC332411010C457AA0F5641,2
989,767,2006-10-27 04:01:56,0101000020110F000076C0D88EC3C33241AF205115A20F5641,2
990,767,2006-10-27 08:03:05,0101000020110F0000374BB0FF94C73241209C6AD1FB0F5641,2
992,767,2006-10-27 20:00:54,0101000020110F000091B953CEB8C43241BCE29011CD0F5641,2
993,767,2006-10-28 00:00:54,0101000020110F00006D595B87A6C53241E4EDEDA5660F5641,2
995,767,2006-10-28 08:01:47,0101000020110F00003A34977658C7324144CF9810E00F5641,2
996,767,2006-10-28 12:01:52,0101000020110F00000835095626C7324119C042EB0C105641,2
997,767,2006-10-28 20:00:48,0101000020110F00005EC346BD65C43241D7FEA9EF970F5641,2
998,767,2006-10-29 00:00:43,0101000020110F000074AC7B272DC3324177F0552D400F5641,2
1001,767,2006-10-29 20:01:24,0101000020110F0000064325125EC53241053AEE19650F5641,2
1002,767,2006-10-30 00:01:08,0101000020110F0000001302B095C632412ED518D2570F5641,2
1003,767,2006-10-30 04:02:15,0101000020110F00000A2771DCC8C6324152DF498CB50F5641,2
1004,767,2006-10-30 08:01:50,0101000020110F000051C333AFB1C63241BC327B99FC0F5641,2
1006,767,2006-10-30 20:01:23,0101000020110F00004D8C9F6D24C43241A4D1B214850F5641,2
1007,767,2006-10-31 00:00:49,0101000020110F00000369733022C33241389CBD43440F5641,2
1008,767,2006-10-31 16:03:06,0101000020110F00001EB33FA464C73241544CAF0D0A105641,2
1009,767,2006-10-31 20:01:37,0101000020110F00004B1FDB519DC33241BB040CD65B0F5641,2
1010,767,2006-11-01 00:00:54,0101000020110F000088D2A4E825C43241ABF0A376860F5641,2
1011,767,2006-11-01 04:00:54,0101000020110F0000AF0E996741C4324173FD7195950F5641,2
1012,767,2006-11-01 08:02:59,0101000020110F00000306ACA5C0C73241A5E21A53E80F5641,2
1013,767,2006-11-01 16:01:55,0101000020110F0000C89947A46AC732419C94388E17105641,2
1014,767,2006-11-01 20:01:52,0101000020110F000035850872F7C43241AC36205A710F5641,2
1016,767,2006-11-02 04:01:24,0101000020110F00003AB84B85E3C53241735F73BDA60F5641,2
1017,767,2006-11-02 08:02:53,0101000020110F00007598AB6FC7C632417E0DD65F06105641,2
1018,767,2006-11-02 16:01:27,0101000020110F0000716B98152FC6324152921EAF13105641,2
1019,767,2006-11-02 20:02:20,0101000020110F000081E5AD1B97C33241F6ED057C180F5641,2
1020,767,2006-11-03 00:01:18,0101000020110F0000C96230F394C432418DD9AD4D590F5641,2
1021,767,2006-11-03 04:00:54,0101000020110F0000664A2DB836C53241B822B14B730F5641,2
1022,767,2006-11-03 08:00:55,0101000020110F0000AB25DB1031C63241DF3FCA74F00F5641,2
1023,767,2006-11-03 12:02:57,0101000020110F000062DF46CA55C632412970BA2F00105641,2
1024,767,2006-11-03 16:01:48,0101000020110F0000E748BA2DC1C5324129EAE969F50F5641,2
1025,767,2006-11-03 20:01:53,0101000020110F000000B869A611C53241EFED50E56C0F5641,2
1026,767,2006-11-04 00:02:24,0101000020110F000089D9C3FD09C5324134677BD96D0F5641,2
1028,767,2006-11-04 12:03:10,0101000020110F000021F9B5DD06C73241A4CA28A018105641,2
1029,767,2006-11-04 20:01:25,0101000020110F000065287AF82FC33241D4DA0DA4AF0F5641,2
1045,767,2006-11-07 20:01:54,0101000020110F0000805479996CC63241FA654F979B0F5641,2
1081,767,2006-11-15 04:01:24,0101000020110F0000298550866AC33241DE66E015B20F5641,2
1082,767,2006-11-15 08:03:06,0101000020110F0000634337C305C63241F514398CF80F5641,2
1083,767,2006-11-15 20:01:24,0101000020110F000031AD3448DCC332413F9C93F57F0F5641,2
1164,767,2006-12-02 20:00:54,0101000020110F0000097657333FC43241E1A9B44B910F5641,2
1165,767,2006-12-03 00:02:17,0101000020110F0000C02D92214BC23241C53B3CE5010F5641,2
1166,767,2006-12-03 04:01:19,0101000020110F0000C5B514DB39C33241594E442ED60E5641,2
1153,767,2006-11-30 16:01:48,0101000020110F00003A2B588866C63241E3F5A6E003105641,2
1154,767,2006-11-30 20:01:42,0101000020110F0000B84F753DA2C332413119776EF20E5641,2
1155,767,2006-12-01 00:01:17,0101000020110F00004AD78660DAC23241001A29CD0B0F5641,2
1156,767,2006-12-01 04:01:45,0101000020110F00007AD834E494C2324135761173120F5641,2
1157,767,2006-12-01 08:02:01,0101000020110F00000B429ABBD0C732414BBC8F631C105641,2
1158,767,2006-12-01 12:02:15,0101000020110F0000AD7E5341A7C73241A098ABF808105641,2
1159,767,2006-12-01 20:01:19,0101000020110F0000E5E025F377C332414BC39776360F5641,2
1160,767,2006-12-02 00:00:54,0101000020110F000030DC14688AC332412CC30D55020F5641,2
1161,767,2006-12-02 04:01:12,0101000020110F000045A674A281C33241087E2D0B180F5641,2
1162,767,2006-12-02 12:01:17,0101000020110F00002B00BE0D5AC6324187DEE23804105641,2
1163,767,2006-12-02 16:02:19,0101000020110F000076FFD4905AC63241ECF3DC4D07105641,2
